loan_id,customer_id,loan_amount,outstanding_amount,start_date,end_date,interest_rate,status
1,896,545454.6,266470.76,2022-01-31,2024-11-14,22.49,Active
2,759,789245.7,503968.9,2020-12-18,2022-04-27,9.12,Defaulted
3,508,360499.2,170377.79,2022-01-09,2024-06-12,21.83,Active
4,901,934801.75,0.0,2021-12-09,2023-02-17,14.92,Closed
5,12,585697.76,184658.34,2021-09-18,2023-11-22,21.25,Active
6,800,872668.33,341789.22,2024-10-19,2024-11-03,14.39,Active
7,516,577983.79,0.0,2022-12-16,2023-02-13,21.63,Closed
8,52,91960.85,53546.2,2024-03-15,2024-07-06,19.4,Active
9,281,651942.81,0.0,2023-07-08,2025-04-16,7.87,Closed
10,19,151144.1,105706.53,2021-11-02,2022-09-20,7.29,Defaulted
11,211,24487.67,0.0,2021-12-21,2025-03-04,21.16,Closed
12,515,282238.53,0.0,2022-10-20,2022-11-09,12.45,Closed
13,239,532000.36,340726.86,2023-08-15,2024-05-01,23.29,Defaulted
14,663,741546.26,273373.01,2024-08-24,2025-06-06,20.33,Active
15,42,750792.33,628811.44,2021-04-01,2021-08-11,18.46,Active
16,119,281855.65,200758.23,2023-02-01,2025-03-15,15.44,Defaulted
17,278,614540.51,415138.02,2024-11-27,2025-10-22,18.72,Active
18,584,805926.72,0.0,2021-04-06,2025-07-30,23.58,Closed
19,365,326901.85,141527.79,2021-11-20,2024-02-04,14.82,Active
20,390,302957.3,48764.5,2024-01-18,2024-08-26,21.48,Active
21,940,946820.46,219051.38,2022-12-11,2024-03-02,6.62,Active
22,101,160150.91,119021.84,2021-09-28,2024-08-27,23.98,Active
23,372,845276.52,758503.9,2023-11-20,2025-09-09,18.23,Active
24,593,405795.62,119200.04,2023-08-05,2025-08-18,13.62,Active
25,858,842343.81,681662.97,2021-12-15,2022-11-18,20.46,Defaulted
26,48,798507.46,678159.37,2022-05-06,2025-01-28,24.88,Defaulted
27,767,109069.43,0.0,2020-12-29,2023-12-15,12.57,Closed
28,182,368732.72,106772.51,2022-10-03,2022-12-05,19.46,Active
29,924,778604.73,421295.16,2021-04-14,2021-09-30,11.51,Active
30,305,699629.35,516857.17,2024-07-12,2024-09-21,15.12,Defaulted
31,723,653604.7,583579.06,2022-02-18,2022-11-22,8.55,Active
32,84,703048.22,428244.09,2021-10-16,2025-03-05,23.94,Active
33,933,779499.48,0.0,2024-01-07,2025-07-12,21.73,Closed
34,212,608476.32,373924.31,2021-11-25,2024-09-08,21.68,Active
35,505,197094.96,153295.72,2022-09-26,2023-04-10,7.89,Active
36,473,250430.61,62281.32,2021-11-20,2023-04-24,7.9,Active
37,95,750419.5,161412.08,2023-03-09,2023-06-11,21.62,Active
38,568,737420.52,86513.0,2023-12-17,2025-08-24,15.38,Active
39,13,538292.57,0.0,2021-03-08,2021-08-07,24.36,Closed
40,758,582613.06,371800.95,2023-05-27,2024-04-19,5.49,Active
41,775,562929.67,382580.26,2023-10-25,2025-02-10,5.7,Active
42,803,72730.1,17143.71,2021-04-14,2022-10-21,22.61,Active
43,435,976058.09,252559.29,2021-03-23,2023-01-18,24.37,Active
44,488,176954.69,0.0,2024-06-16,2025-10-17,14.84,Closed
45,991,521632.57,0.0,2023-09-19,2025-09-07,19.07,Closed
46,421,969488.05,607097.95,2023-09-26,2023-11-23,15.57,Active
47,77,726423.24,605603.24,2020-12-26,2022-04-23,18.22,Active
48,810,172110.34,58569.13,2021-07-06,2023-11-16,11.87,Active
49,58,892324.51,592202.68,2021-03-20,2021-09-28,17.72,Active
50,275,7793.37,3926.05,2023-03-29,2025-02-28,6.31,Active
51,556,922427.33,749287.07,2021-03-28,2024-11-13,21.23,Active
52,20,804767.91,278410.68,2024-01-19,2025-10-30,21.42,Active
53,918,621032.61,345333.96,2023-02-11,2024-01-15,17.69,Active
54,246,243317.17,171420.53,2022-11-11,2023-04-02,15.28,Active
55,668,290993.4,0.0,2022-01-24,2024-12-15,7.32,Closed
56,977,279764.22,177655.67,2023-07-20,2024-12-31,20.32,Defaulted
57,642,914680.96,0.0,2022-08-24,2025-10-27,17.76,Closed
58,296,242227.99,0.0,2021-05-29,2023-11-05,7.16,Closed
59,505,498640.49,345406.04,2023-10-15,2024-07-23,11.28,Active
60,584,302763.59,201638.21,2024-11-09,2025-01-06,5.13,Active
61,847,959830.29,0.0,2021-06-04,2022-01-03,23.93,Closed
62,958,929292.0,343873.72,2023-12-11,2024-07-06,24.3,Active
63,259,69432.23,0.0,2023-05-14,2024-05-03,15.32,Closed
64,543,689737.97,605462.18,2021-12-04,2023-02-10,11.85,Active
65,170,241954.24,60952.53,2023-06-08,2024-01-27,16.49,Active
66,159,528202.16,393197.83,2022-11-03,2023-07-11,8.96,Active
67,188,680590.19,95991.6,2021-01-22,2021-09-10,15.83,Active
68,187,350943.07,296221.35,2021-12-20,2023-09-22,16.32,Active
69,621,470523.67,163099.34,2021-06-12,2022-10-01,20.59,Active
70,957,634526.14,283742.78,2024-02-11,2025-06-17,11.37,Active
71,435,592243.29,0.0,2021-12-24,2024-06-22,11.5,Closed
72,12,870168.37,539100.08,2021-02-17,2025-04-12,24.74,Defaulted
73,353,170819.14,0.0,2022-04-09,2024-04-29,5.38,Closed
74,587,745001.17,219096.96,2021-06-26,2024-02-12,16.65,Active
75,409,987149.32,0.0,2024-11-03,2025-03-01,23.11,Closed
76,676,843315.89,322556.6,2023-03-04,2023-08-04,24.48,Active
77,527,274498.52,190122.19,2023-07-06,2024-07-28,8.09,Active
78,845,11256.95,8516.0,2023-08-10,2024-05-25,12.27,Defaulted
79,754,581280.88,169623.84,2021-11-12,2022-10-15,19.54,Active
80,124,851548.66,254084.4,2024-04-23,2025-01-06,13.4,Active
81,764,507102.31,75539.58,2022-01-06,2023-07-28,18.57,Active
82,458,755182.49,339532.85,2021-03-17,2024-08-24,16.43,Active
83,7,900044.99,0.0,2024-07-22,2024-12-04,18.58,Closed
84,340,369990.36,52809.71,2023-01-10,2023-03-10,15.16,Active
85,270,900322.2,129269.81,2022-12-20,2024-10-11,19.85,Active
86,740,215275.14,78557.22,2022-03-31,2025-04-11,7.43,Active
87,490,113199.02,0.0,2021-06-27,2023-10-10,23.75,Closed
88,735,710890.11,206552.49,2022-12-16,2023-10-14,21.62,Active
89,814,186018.48,67102.92,2022-07-14,2024-12-27,20.48,Active
90,519,631968.04,234065.35,2023-06-25,2025-09-13,21.43,Active
91,380,615201.91,364228.43,2023-07-20,2024-11-10,19.1,Active
92,295,295963.1,199748.45,2021-01-26,2022-01-02,18.84,Active
93,379,172438.02,0.0,2024-02-06,2024-12-04,6.67,Closed
94,817,742976.94,538601.07,2021-09-24,2022-03-12,24.7,Active
95,251,123799.22,61422.74,2024-02-27,2024-06-27,5.35,Active
96,243,743931.17,0.0,2023-10-16,2024-05-03,19.0,Closed
97,791,593801.37,364352.42,2023-10-14,2024-11-21,10.71,Active
98,119,442308.73,265149.16,2024-05-19,2025-02-03,20.6,Active
99,884,422794.89,0.0,2023-06-25,2024-10-10,16.23,Closed
100,638,507947.8,365269.1,2024-04-14,2025-12-16,21.9,Active
101,522,672243.62,500465.37,2023-09-27,2024-03-31,5.94,Defaulted
102,511,756414.85,575695.78,2024-05-28,2024-06-12,13.55,Active
103,8,26964.24,11918.86,2021-03-13,2021-08-14,23.45,Active
104,379,371245.87,330472.41,2022-11-24,2023-12-30,13.74,Active
105,547,594876.91,227808.32,2023-06-15,2023-07-29,19.36,Active
106,96,300656.44,163356.0,2023-08-02,2025-05-19,13.53,Active
107,556,431436.54,144845.47,2023-03-03,2025-05-29,7.17,Active
108,656,963208.67,580516.94,2023-09-23,2025-04-22,17.84,Defaulted
109,551,989588.79,924896.76,2024-09-11,2025-10-21,6.73,Defaulted
110,12,438473.71,319702.89,2024-09-10,2024-12-08,18.74,Defaulted
111,982,604449.47,461851.32,2021-04-02,2025-09-12,5.02,Active
112,398,464979.2,0.0,2021-04-20,2024-02-21,11.09,Closed
113,960,323681.5,322570.84,2021-09-14,2022-02-07,10.86,Defaulted
114,630,200490.48,0.0,2024-01-23,2024-06-13,24.96,Closed
115,31,304442.11,180754.17,2022-01-29,2023-07-08,7.8,Active
116,97,373759.81,62690.26,2024-11-07,2024-12-14,17.39,Active
117,144,76484.32,47812.85,2023-01-09,2025-06-07,8.24,Active
118,457,748869.88,217334.28,2021-12-18,2023-05-09,19.48,Active
119,89,490165.97,413875.97,2023-01-06,2024-04-19,13.68,Active
120,578,410767.74,258591.77,2021-06-23,2022-01-01,23.42,Active
121,733,910190.73,0.0,2023-03-16,2024-09-03,14.99,Closed
122,659,677196.93,0.0,2023-11-13,2024-02-07,18.57,Closed
123,115,142932.54,0.0,2023-10-07,2025-01-05,7.37,Closed
124,263,533198.19,275893.39,2023-04-21,2023-06-30,9.67,Active
125,962,568073.93,0.0,2021-08-06,2025-01-28,5.02,Closed
126,242,177810.31,159999.58,2022-12-05,2023-07-08,24.08,Defaulted
127,915,5507.67,0.0,2024-05-07,2025-04-11,14.9,Closed
128,216,282744.81,206868.03,2022-12-17,2025-11-01,9.84,Active
129,518,543195.39,157418.31,2021-11-30,2025-02-09,8.75,Active
130,346,93779.88,39104.6,2023-11-13,2025-02-26,18.87,Active
131,34,215153.03,0.0,2024-06-06,2025-04-25,24.89,Closed
132,44,199933.55,145246.91,2022-10-30,2025-11-22,21.32,Active
133,205,751913.21,0.0,2023-01-23,2025-06-08,12.96,Closed
134,71,982562.31,751906.31,2021-05-05,2023-08-22,15.65,Active
135,918,298830.46,166333.02,2020-12-28,2025-05-23,24.0,Active
136,461,213572.01,0.0,2021-10-20,2024-02-26,11.04,Closed
137,530,179688.23,117032.96,2024-06-13,2025-06-15,13.94,Active
138,752,446735.24,148883.09,2021-02-07,2025-05-11,12.38,Active
139,288,163698.1,57775.49,2022-08-20,2023-02-07,15.1,Active
140,574,170101.08,77818.27,2023-12-02,2024-02-26,10.48,Active
141,730,927536.56,567882.8,2023-05-26,2024-11-27,6.88,Active
142,243,208541.73,68730.24,2023-06-17,2025-07-29,11.5,Active
143,639,701462.69,300232.83,2024-08-31,2025-12-09,24.44,Active
144,868,722262.95,304280.33,2021-11-18,2022-06-22,12.27,Active
145,125,541021.09,0.0,2020-12-26,2023-06-11,16.0,Closed
146,701,663644.51,537118.3,2021-08-12,2021-12-28,5.78,Active
147,586,101785.62,0.0,2024-12-10,2025-11-19,23.22,Closed
148,96,725207.13,0.0,2021-11-25,2023-11-14,6.8,Closed
149,198,898837.72,0.0,2024-05-01,2025-09-07,18.74,Closed
150,725,742280.72,553253.92,2023-01-25,2024-05-24,10.02,Active
151,844,785539.12,139314.53,2021-07-29,2022-02-14,6.96,Active
152,935,196128.26,135539.38,2022-08-22,2022-12-08,7.32,Active
153,216,89984.65,71905.03,2021-01-14,2025-04-26,8.47,Active
154,223,456024.28,179030.62,2021-02-22,2022-05-15,16.25,Active
155,193,688304.63,0.0,2023-12-19,2023-12-19,15.6,Closed
156,278,469853.96,292861.6,2022-03-25,2024-03-29,7.49,Defaulted
157,31,8006.64,5929.9,2023-10-27,2023-12-24,13.0,Active
158,480,736532.01,296519.33,2021-09-03,2024-07-15,21.59,Active
159,601,152467.22,125422.85,2023-05-16,2025-04-24,12.62,Active
160,286,932039.25,660786.2,2023-06-08,2025-02-15,8.0,Defaulted
161,877,113039.89,90561.28,2022-04-14,2022-08-14,13.62,Active
162,639,200425.16,42790.09,2021-03-30,2021-11-08,11.16,Active
163,230,216162.8,171263.73,2023-11-03,2025-08-01,23.93,Active
164,797,526832.5,463972.4,2022-12-30,2025-07-22,22.78,Active
165,400,598672.14,449409.63,2022-05-09,2025-09-20,20.54,Active
166,701,792905.29,708923.23,2024-03-08,2025-01-07,24.87,Defaulted
167,123,322833.75,131766.09,2023-06-21,2024-08-23,19.49,Active
168,43,161857.6,144269.0,2022-07-16,2025-04-26,21.75,Active
169,943,828401.42,182341.86,2021-06-01,2025-10-04,23.37,Active
170,986,628622.8,556417.11,2021-05-30,2022-06-14,9.65,Active
171,688,255137.46,76256.48,2023-09-13,2025-07-09,10.84,Active
172,662,375650.21,103542.5,2022-03-27,2023-11-21,12.88,Active
173,211,363420.79,304544.46,2024-02-10,2024-12-31,6.45,Active
174,114,604825.59,131605.55,2021-08-21,2022-11-13,21.48,Active
175,387,841688.46,164869.26,2021-09-17,2023-06-04,19.79,Active
176,602,394473.28,0.0,2024-05-14,2025-04-21,13.51,Closed
177,391,588571.45,0.0,2022-01-04,2023-05-04,11.45,Closed
178,277,342615.82,193740.95,2024-06-02,2024-07-19,20.01,Active
179,83,381027.09,0.0,2024-07-03,2024-11-14,19.02,Closed
180,777,441024.78,197195.88,2024-11-11,2025-05-13,9.75,Active
181,55,171229.71,97763.75,2023-11-22,2024-02-11,9.1,Active
182,303,842864.46,0.0,2023-12-08,2025-05-02,24.79,Closed
183,685,757147.84,195969.54,2024-05-14,2024-12-14,19.92,Active
184,504,502703.27,0.0,2024-08-21,2025-03-31,21.29,Closed
185,330,782283.91,674291.05,2022-10-01,2024-04-20,9.61,Active
186,691,800682.93,408533.35,2023-09-06,2024-02-26,20.07,Active
187,981,864876.66,443314.03,2024-08-13,2025-01-15,12.86,Active
188,568,827884.35,648813.35,2024-06-15,2025-11-02,14.08,Active
189,426,291765.87,162265.8,2022-08-10,2024-11-14,12.38,Active
190,998,21096.07,14398.43,2021-04-05,2021-04-11,13.52,Active
191,106,481123.66,216764.46,2022-01-07,2024-04-24,13.61,Active
192,28,281228.98,251592.36,2022-09-10,2024-08-07,11.54,Active
193,161,899612.34,826138.19,2024-08-11,2025-03-08,20.99,Defaulted
194,255,460476.72,137211.83,2022-05-08,2024-04-19,19.4,Active
195,290,590531.53,0.0,2021-08-13,2024-04-18,19.11,Closed
196,548,418423.13,314535.11,2022-12-07,2023-08-19,11.43,Active
197,884,697590.63,406997.64,2022-06-05,2024-07-19,20.13,Active
198,603,52223.78,38204.8,2024-10-08,2025-03-08,5.67,Active
199,802,586948.59,463966.94,2021-05-13,2022-11-08,24.38,Active
200,402,823889.41,779658.91,2024-07-28,2024-11-02,14.77,Defaulted
201,517,421965.29,0.0,2024-09-26,2025-06-12,7.27,Closed
202,73,133832.68,0.0,2023-02-01,2024-07-30,23.89,Closed
203,918,911770.54,802503.59,2023-07-31,2024-04-24,20.79,Active
204,249,991738.14,879994.98,2023-05-29,2023-09-04,12.76,Defaulted
205,130,984903.74,902340.81,2021-01-04,2021-04-20,10.26,Defaulted
206,212,154982.76,48350.04,2024-09-25,2025-02-11,20.08,Active
207,895,8708.77,0.0,2021-11-17,2023-01-21,18.59,Closed
208,524,956492.72,447120.42,2020-12-27,2022-01-29,20.42,Active
209,314,169256.66,24678.01,2024-03-02,2025-11-07,17.44,Active
210,803,183802.64,24750.8,2022-06-19,2024-07-10,20.22,Active
211,582,29714.71,15052.8,2021-12-24,2022-02-14,14.83,Active
212,17,973880.45,660227.65,2021-10-28,2025-04-08,21.53,Defaulted
213,502,658346.08,355980.52,2024-01-01,2025-06-07,12.99,Active
214,494,768116.04,529841.61,2022-11-18,2023-10-30,8.18,Active
215,790,862370.69,0.0,2023-04-01,2024-04-28,23.68,Closed
216,319,508445.75,448147.57,2024-11-15,2025-05-22,12.56,Active
217,390,121503.1,47650.13,2024-07-29,2025-06-30,6.55,Active
218,887,358767.36,0.0,2023-02-07,2023-03-05,8.53,Closed
219,613,316005.63,236786.34,2021-09-03,2025-04-01,18.4,Defaulted
220,395,745286.73,0.0,2024-06-16,2025-01-09,22.56,Closed
221,196,840816.49,0.0,2024-09-23,2025-03-09,18.63,Closed
222,186,659302.55,338209.99,2021-01-18,2024-06-12,5.29,Active
223,890,970564.31,0.0,2022-01-18,2024-03-12,14.17,Closed
224,36,485341.19,292370.61,2022-01-22,2025-08-09,21.89,Active
225,124,992279.64,0.0,2023-04-26,2023-05-09,9.81,Closed
226,187,197348.61,0.0,2021-10-11,2023-06-04,11.96,Closed
227,937,688701.64,154012.63,2022-07-29,2023-01-27,7.0,Active
228,959,593286.04,416936.87,2024-09-27,2025-04-25,23.99,Active
229,520,261552.45,252028.9,2022-07-01,2022-11-02,24.51,Defaulted
230,131,108683.04,0.0,2024-10-24,2025-07-11,9.06,Closed
231,237,681252.45,155229.39,2022-09-12,2023-09-27,6.77,Active
232,405,576393.03,372464.73,2023-05-01,2023-12-14,14.98,Active
233,775,60973.53,9680.1,2022-03-01,2024-11-26,9.48,Active
234,833,829356.39,0.0,2024-02-07,2024-02-11,13.54,Closed
235,887,81518.73,29897.82,2022-12-09,2024-09-08,17.01,Active
236,254,667024.62,0.0,2022-09-28,2023-12-15,23.24,Closed
237,517,766075.39,516156.3,2024-02-25,2024-03-22,9.81,Defaulted
238,885,481156.67,381518.07,2023-10-29,2025-05-08,6.31,Active
239,952,876919.35,586034.28,2023-01-22,2025-09-24,13.78,Active
240,624,229896.98,0.0,2022-12-02,2024-01-04,16.05,Closed
241,295,548806.33,213057.01,2024-01-01,2025-06-15,17.28,Active
242,67,234527.7,87952.8,2022-07-01,2025-01-03,19.25,Active
243,750,33935.25,8840.55,2023-06-21,2025-12-06,10.21,Active
244,23,233127.7,82742.59,2021-01-27,2023-06-06,16.57,Active
245,869,232280.44,196513.56,2023-09-30,2024-10-01,12.57,Defaulted
246,743,835873.59,754931.44,2023-07-26,2025-02-25,14.32,Defaulted
247,729,599659.09,454049.95,2022-05-27,2025-08-15,23.58,Defaulted
248,696,680497.46,488358.76,2024-07-26,2025-10-23,6.74,Defaulted
249,132,332756.49,0.0,2022-11-19,2024-12-24,7.61,Closed
250,911,395470.54,115467.11,2021-10-21,2024-11-02,18.27,Active
251,767,361700.95,322050.66,2024-05-09,2025-02-23,7.16,Active
252,537,205383.31,196053.85,2023-08-25,2024-04-23,15.34,Defaulted
253,136,975465.88,770277.14,2021-07-29,2023-08-01,16.18,Active
254,187,130633.9,61629.2,2021-04-02,2023-12-03,6.83,Active
255,844,554902.98,0.0,2024-03-13,2024-07-11,7.96,Closed
256,470,759105.81,0.0,2021-04-17,2021-06-07,5.85,Closed
257,757,412520.04,0.0,2021-05-05,2023-04-06,15.12,Closed
258,764,595776.15,439470.38,2021-04-11,2024-12-25,7.45,Defaulted
259,689,83824.0,54123.93,2022-07-22,2024-03-09,9.23,Active
260,450,879575.81,0.0,2022-08-07,2024-10-14,10.94,Closed
261,140,54368.65,0.0,2024-08-22,2025-05-19,24.15,Closed
262,851,521776.15,436570.84,2021-02-03,2023-07-29,24.76,Active
263,971,301410.68,61342.94,2022-10-27,2024-11-28,10.36,Active
264,868,574335.93,450652.97,2023-10-21,2024-09-15,16.49,Defaulted
265,266,746086.41,0.0,2022-02-13,2024-06-30,12.39,Closed
266,485,945895.39,380280.54,2023-04-09,2025-06-09,19.7,Active
267,404,557174.99,245609.85,2022-09-07,2024-07-14,15.55,Active
268,94,219902.46,181239.4,2023-11-12,2024-02-22,10.95,Active
269,172,711379.74,570961.52,2024-09-14,2025-09-16,14.81,Defaulted
270,728,73141.49,55585.58,2024-02-10,2024-09-27,6.73,Defaulted
271,167,137238.71,0.0,2023-07-24,2025-09-12,11.26,Closed
272,659,137320.96,0.0,2024-04-26,2024-11-05,23.42,Closed
273,872,499082.88,323370.1,2021-09-16,2023-08-07,7.28,Active
274,87,365297.78,100552.99,2024-01-12,2024-07-28,10.2,Active
275,553,870696.08,672452.2,2024-02-07,2024-04-11,21.8,Defaulted
276,489,785133.78,651522.3,2021-05-28,2025-04-06,21.98,Defaulted
277,295,148684.84,65334.5,2022-01-14,2023-06-10,24.07,Active
278,194,62623.48,27333.6,2022-08-17,2023-07-19,21.9,Active
279,235,324655.43,0.0,2022-04-11,2024-11-05,11.25,Closed
280,595,9933.36,0.0,2021-09-01,2025-01-25,19.05,Closed
281,627,486255.1,0.0,2022-12-01,2023-11-28,5.15,Closed
282,50,687039.9,0.0,2024-08-09,2024-11-03,7.06,Closed
283,703,448724.17,258036.01,2024-02-24,2025-07-30,5.86,Active
284,638,305334.32,0.0,2022-09-19,2023-11-02,5.84,Closed
285,546,654723.71,558916.78,2024-12-08,2025-09-11,15.87,Defaulted
286,653,488757.58,106112.72,2021-02-25,2023-11-01,12.46,Active
287,70,527310.38,0.0,2023-11-26,2024-03-24,10.4,Closed
288,668,752124.25,196001.67,2023-12-08,2025-09-03,15.14,Active
289,599,656442.35,0.0,2021-07-26,2023-02-02,11.15,Closed
290,943,696601.27,0.0,2024-06-11,2025-06-22,21.57,Closed
291,591,404767.44,133368.37,2023-09-26,2024-01-25,15.46,Active
292,809,143500.56,120772.29,2023-03-03,2025-09-02,7.61,Defaulted
293,946,960429.71,502064.06,2023-03-09,2024-09-10,12.5,Active
294,867,583457.85,170341.88,2024-07-01,2025-01-06,11.01,Active
295,743,112346.23,106501.51,2022-06-01,2024-06-13,24.66,Defaulted
296,632,758953.14,434073.85,2022-05-28,2025-09-08,5.12,Active
297,134,493385.02,0.0,2022-06-07,2024-06-29,6.69,Closed
298,141,468419.05,258345.65,2024-03-07,2025-09-08,18.08,Active
299,578,47401.45,42393.92,2022-01-18,2025-11-04,6.07,Defaulted
300,262,988503.69,588452.1,2024-08-23,2025-11-24,20.25,Active
301,555,530283.56,359983.84,2022-11-05,2025-08-27,19.24,Defaulted
302,160,948450.4,692250.14,2023-02-08,2023-11-19,21.56,Defaulted
303,668,958655.22,354449.14,2024-09-06,2025-10-09,17.48,Active
304,628,84433.37,78486.06,2024-06-09,2025-07-16,7.17,Defaulted
305,253,289697.89,249665.29,2023-03-16,2023-04-18,13.82,Active
306,896,281608.7,125768.02,2023-05-27,2025-11-24,5.12,Active
307,134,83921.02,0.0,2023-05-19,2023-10-12,15.6,Closed
308,643,698491.26,205302.17,2023-11-04,2024-01-07,12.84,Active
309,441,332654.71,274337.09,2022-11-19,2023-09-30,10.73,Defaulted
310,835,282681.43,0.0,2024-09-23,2025-04-06,8.05,Closed
311,487,72940.15,23961.15,2023-04-12,2024-07-04,10.08,Active
312,531,140549.63,131901.47,2021-06-19,2024-05-06,10.87,Defaulted
313,706,53017.6,51298.17,2022-03-16,2022-08-27,19.1,Defaulted
314,258,81282.22,43954.35,2023-03-24,2024-10-24,23.35,Active
315,694,257755.14,167966.75,2021-09-01,2024-07-12,8.53,Defaulted
316,768,898763.28,770651.07,2023-02-09,2023-03-28,7.66,Active
317,790,369524.96,110886.95,2023-09-29,2025-05-08,8.01,Active
318,821,607152.54,411497.93,2024-04-12,2024-06-13,10.82,Defaulted
319,275,57057.49,42840.06,2021-09-16,2025-04-19,7.31,Defaulted
320,776,428439.59,291876.14,2022-10-26,2023-11-29,12.13,Active
321,327,750536.41,305242.53,2022-10-06,2024-12-21,14.57,Active
322,353,663746.26,568255.86,2022-04-07,2024-08-25,17.88,Defaulted
323,265,922405.41,871750.86,2021-01-09,2025-04-16,12.09,Defaulted
324,447,960905.96,739416.75,2021-08-16,2023-03-18,17.33,Active
325,848,310451.98,87386.02,2024-05-29,2025-06-20,18.49,Active
326,927,34580.62,0.0,2024-08-22,2025-05-31,8.53,Closed
327,293,464397.45,193270.83,2022-07-13,2025-01-18,10.33,Active
328,111,634702.61,395826.81,2023-04-30,2024-04-29,10.14,Active
329,520,240239.67,0.0,2024-02-22,2025-11-10,23.03,Closed
330,159,320470.63,208211.07,2023-08-18,2024-11-02,15.59,Defaulted
331,214,231129.13,34087.78,2024-10-04,2024-10-14,22.94,Active
332,852,574427.43,156704.2,2022-04-13,2025-08-18,16.79,Active
333,282,699815.7,267687.64,2023-10-26,2024-08-06,15.07,Active
334,559,19512.59,0.0,2021-12-29,2025-08-14,21.68,Closed
335,58,758873.66,446605.09,2022-03-02,2025-02-21,11.93,Active
336,604,276473.88,90778.41,2021-11-28,2023-04-05,14.0,Active
337,168,811920.52,646333.86,2024-09-01,2024-10-28,10.32,Active
338,378,794386.04,593655.29,2021-05-09,2023-10-05,20.15,Active
339,246,918369.13,637449.77,2024-07-24,2025-03-21,6.46,Defaulted
340,476,128844.49,77011.29,2021-06-18,2025-08-03,12.64,Active
341,720,426180.2,197687.44,2021-09-03,2022-09-03,23.47,Active
342,789,533738.35,0.0,2022-05-31,2024-07-24,19.38,Closed
343,363,564588.34,474599.08,2022-02-23,2025-10-07,14.87,Defaulted
344,113,419426.71,355504.85,2024-01-10,2024-09-18,23.99,Defaulted
345,699,380031.29,0.0,2023-07-14,2024-09-04,22.13,Closed
346,914,484262.08,199396.78,2023-03-02,2024-01-10,9.21,Active
347,996,888403.46,0.0,2021-02-17,2025-01-14,10.02,Closed
348,432,158332.31,0.0,2021-02-02,2024-11-04,17.23,Closed
349,758,161259.81,132970.01,2024-01-02,2025-02-09,17.18,Defaulted
350,164,960698.97,713560.17,2023-09-03,2024-03-31,22.69,Defaulted
351,979,751100.84,396032.38,2024-06-18,2025-04-22,6.23,Active
352,495,758258.91,504995.22,2023-05-03,2024-10-04,23.12,Active
353,723,766774.01,284150.47,2023-07-10,2023-09-10,16.72,Active
354,980,958886.73,0.0,2024-08-07,2025-09-02,20.28,Closed
355,753,901962.99,177856.01,2021-05-24,2022-10-24,16.42,Active
356,103,966664.06,303885.65,2023-04-13,2025-06-29,21.66,Active
357,310,924428.7,623980.76,2024-02-05,2024-05-09,8.01,Active
358,432,518489.0,358824.83,2021-01-26,2021-03-02,16.32,Defaulted
359,499,103317.25,18569.91,2021-03-26,2023-05-26,14.67,Active
360,418,331830.17,216570.01,2023-05-21,2023-07-22,23.21,Active
361,835,480944.22,310150.5,2021-04-08,2025-08-30,16.64,Defaulted
362,256,760726.89,419984.76,2021-09-14,2022-03-28,13.93,Active
363,930,247189.54,167672.9,2023-06-01,2025-03-02,8.2,Defaulted
364,779,896219.51,776819.74,2022-01-22,2023-04-11,13.82,Active
365,836,614071.77,412372.0,2023-07-18,2024-10-03,6.75,Active
366,880,725625.64,613338.02,2022-08-24,2025-06-28,14.91,Active
367,704,409689.47,91234.17,2021-01-16,2025-11-26,21.36,Active
368,210,34051.2,15478.42,2022-04-03,2023-04-30,10.72,Active
369,809,607889.43,109543.79,2022-03-21,2025-03-31,7.25,Active
370,78,639837.7,458474.53,2024-02-08,2025-12-01,17.18,Active
371,269,710216.77,441218.59,2024-08-14,2024-08-21,21.64,Active
372,180,547441.28,476674.53,2022-06-08,2024-11-06,17.68,Defaulted
373,524,164337.15,0.0,2023-05-11,2024-01-17,16.35,Closed
374,391,304787.39,139967.63,2023-04-15,2024-07-07,9.07,Active
375,643,183433.87,28762.24,2022-10-15,2023-01-13,22.1,Active
376,240,598578.9,275211.9,2022-09-06,2025-03-15,12.82,Active
377,518,795881.95,0.0,2023-01-16,2025-03-06,24.41,Closed
378,276,122849.25,55375.3,2022-07-04,2023-03-02,6.41,Active
379,108,423162.22,74169.9,2024-03-08,2025-01-01,16.83,Active
380,707,376547.48,0.0,2022-11-23,2025-11-12,21.7,Closed
381,989,987899.97,691915.3,2021-06-04,2024-01-31,23.14,Active
382,269,999389.59,594810.73,2021-02-15,2023-06-03,24.08,Active
383,86,149002.66,97397.65,2024-01-14,2025-09-04,14.54,Active
384,338,916183.19,0.0,2021-05-28,2024-04-15,24.33,Closed
385,848,581393.07,298836.56,2023-06-23,2025-01-26,6.16,Active
386,308,679412.35,216063.05,2021-08-23,2024-04-23,8.61,Active
387,587,340615.22,212756.18,2024-08-30,2024-12-25,8.43,Active
388,420,114762.12,16639.56,2024-01-27,2025-08-03,19.75,Active
389,829,657556.62,473983.52,2021-06-01,2025-05-05,7.89,Active
390,944,21572.41,0.0,2024-02-26,2025-04-08,10.25,Closed
391,777,730105.9,171374.35,2022-12-15,2023-08-02,23.75,Active
392,952,86808.0,72747.15,2023-11-14,2023-12-20,8.39,Active
393,966,555440.81,291131.19,2023-03-25,2023-12-19,20.75,Active
394,979,931840.0,347860.35,2024-04-06,2024-11-15,6.5,Active
395,735,175627.21,71730.61,2021-12-27,2023-03-24,7.93,Active
396,393,146309.09,60017.16,2022-08-03,2025-09-14,19.18,Active
397,45,239757.45,211013.75,2022-01-26,2024-04-06,17.29,Active
398,479,13682.75,2812.5,2022-10-10,2023-11-01,21.9,Active
399,115,914421.09,653809.92,2023-07-12,2025-07-09,12.14,Defaulted
400,695,963742.4,716718.64,2023-03-13,2024-02-24,14.96,Active
401,196,718357.98,268070.52,2023-11-02,2025-05-04,23.26,Active
402,359,962777.52,0.0,2022-06-11,2023-11-22,23.53,Closed
403,673,724786.66,0.0,2021-03-23,2023-01-13,14.01,Closed
404,434,855738.88,0.0,2021-06-13,2025-09-02,6.76,Closed
405,611,788921.99,729384.54,2024-09-20,2025-06-24,19.11,Defaulted
406,813,540655.23,273721.69,2021-11-25,2024-04-25,22.22,Active
407,310,236774.87,34151.79,2023-12-06,2024-12-11,6.24,Active
408,425,378112.2,0.0,2021-06-08,2022-11-05,7.29,Closed
409,187,34882.07,22616.46,2021-03-07,2022-07-25,8.04,Active
410,18,699905.37,229876.29,2022-12-06,2025-07-03,13.78,Active
411,733,926131.96,0.0,2024-12-10,2025-02-23,19.08,Closed
412,157,737762.98,500824.3,2024-02-14,2025-04-13,17.48,Active
413,964,711273.23,217240.02,2023-01-08,2024-04-30,15.24,Active
414,112,267980.83,180938.16,2022-04-17,2023-04-06,20.49,Active
415,253,202413.23,0.0,2024-05-21,2025-04-11,10.44,Closed
416,767,674675.32,290977.78,2022-03-05,2024-01-25,20.03,Active
417,17,856002.51,666694.31,2022-02-13,2024-10-03,14.27,Defaulted
418,586,963670.04,335376.64,2021-09-22,2024-04-04,15.28,Active
419,68,420864.99,249115.58,2023-12-30,2025-11-09,9.02,Active
420,148,276157.21,186140.26,2024-11-24,2025-07-08,9.24,Active
421,822,98610.93,54837.48,2022-09-21,2024-07-08,11.06,Active
422,9,284786.71,168374.51,2022-06-07,2023-02-09,7.49,Active
423,553,44927.27,30841.25,2023-11-10,2025-06-24,15.31,Defaulted
424,623,851704.43,748754.76,2022-08-30,2022-11-19,23.86,Active
425,426,809794.61,720735.09,2022-08-14,2023-12-31,19.23,Defaulted
426,555,979303.35,350992.96,2024-08-15,2025-03-23,6.15,Active
427,6,268989.29,43121.58,2024-08-27,2024-10-28,9.14,Active
428,459,80602.93,45418.62,2023-05-20,2024-11-25,10.06,Active
429,200,488601.09,167896.68,2024-04-21,2025-03-29,12.2,Active
430,659,392323.04,253794.44,2021-01-06,2021-10-31,23.58,Defaulted
431,959,630263.02,0.0,2024-12-11,2025-01-09,15.31,Closed
432,667,114062.61,69748.42,2022-06-21,2023-05-02,20.02,Active
433,478,832779.78,388502.83,2023-03-05,2025-12-16,21.72,Active
434,241,826613.96,524319.94,2023-08-23,2025-03-24,22.97,Defaulted
435,704,278997.77,0.0,2022-11-10,2024-07-23,24.67,Closed
436,499,420285.0,372803.23,2022-07-13,2024-04-06,19.57,Active
437,810,277921.17,68995.95,2023-12-06,2025-07-27,12.99,Active
438,718,138904.1,28336.72,2022-10-03,2024-10-10,10.1,Active
439,619,206511.81,108597.8,2023-10-08,2023-11-07,6.65,Active
440,155,528016.13,399502.18,2022-10-11,2025-04-12,13.47,Active
441,157,609533.55,487748.26,2024-07-02,2024-09-05,14.27,Defaulted
442,546,517888.59,92856.0,2022-02-04,2024-08-13,5.92,Active
443,513,121182.89,0.0,2021-10-06,2024-12-16,16.3,Closed
444,772,702872.36,586953.07,2022-03-31,2025-07-28,14.38,Defaulted
445,43,657507.76,406034.37,2023-06-22,2023-10-24,16.42,Defaulted
446,199,514981.61,104329.4,2021-10-01,2022-09-15,10.46,Active
447,601,791431.74,203193.92,2023-05-16,2025-01-17,18.02,Active
448,741,266598.47,93866.66,2023-04-23,2024-07-27,7.14,Active
449,714,179718.96,0.0,2023-07-16,2024-06-19,23.19,Closed
450,712,736487.12,643094.94,2022-12-27,2024-04-03,22.47,Defaulted
451,871,292435.55,91267.03,2022-09-27,2025-11-16,15.42,Active
452,808,851535.34,106693.99,2022-11-27,2023-12-02,22.0,Active
453,154,715445.86,591031.97,2023-01-01,2024-06-24,20.51,Defaulted
454,335,683442.26,0.0,2021-05-14,2023-05-28,6.71,Closed
455,804,317091.21,286633.92,2021-08-22,2025-02-06,15.27,Defaulted
456,288,662363.68,242386.93,2022-04-23,2023-08-02,6.41,Active
457,605,856471.62,551252.11,2021-06-18,2023-12-20,5.83,Active
458,794,159166.58,132733.36,2021-07-17,2025-01-26,22.02,Defaulted
459,389,604201.13,533894.95,2022-05-30,2022-10-15,12.53,Active
460,390,281510.86,188060.81,2021-09-16,2024-09-12,11.01,Active
461,327,597351.2,0.0,2024-04-13,2025-04-04,21.17,Closed
462,377,535422.85,243600.89,2022-08-27,2023-08-12,15.64,Active
463,69,672406.66,0.0,2023-01-10,2023-11-27,13.77,Closed
464,935,126192.08,97560.77,2024-06-23,2024-08-19,21.03,Defaulted
465,661,398929.66,261426.11,2021-05-02,2024-06-23,20.06,Active
466,356,130786.42,80808.5,2023-10-25,2024-10-13,19.34,Active
467,136,471749.57,303544.6,2023-05-02,2025-11-22,11.06,Defaulted
468,497,592416.44,347423.11,2022-05-19,2025-06-26,17.13,Active
469,766,690553.43,644489.72,2021-07-29,2024-07-30,5.12,Defaulted
470,992,18218.35,0.0,2022-06-03,2022-11-25,20.23,Closed
471,246,727693.24,656919.89,2021-09-11,2024-03-08,15.14,Defaulted
472,279,645532.33,0.0,2020-12-27,2022-08-12,12.96,Closed
473,169,757775.56,572550.43,2023-08-30,2024-07-27,13.95,Defaulted
474,149,665888.1,0.0,2021-03-31,2025-08-08,20.57,Closed
475,612,595825.73,0.0,2021-02-05,2022-11-17,24.57,Closed
476,44,245693.18,0.0,2023-12-27,2024-08-01,9.78,Closed
477,602,24414.08,18408.95,2024-06-13,2024-08-15,9.62,Active
478,565,517562.64,183043.33,2021-11-14,2024-09-03,7.56,Active
479,464,246952.76,191163.46,2024-06-16,2025-11-15,15.86,Active
480,547,27873.85,18717.0,2023-03-24,2024-01-17,6.3,Active
481,585,701341.07,543312.83,2021-12-14,2023-06-01,10.77,Defaulted
482,615,954738.51,247564.45,2023-09-05,2025-11-11,22.04,Active
483,145,409676.56,179996.71,2021-06-14,2024-11-23,14.77,Active
484,729,830888.7,0.0,2023-01-28,2024-04-17,21.48,Closed
485,843,175213.3,166610.16,2022-05-14,2022-05-21,15.44,Defaulted
486,577,959875.0,310568.46,2021-10-06,2025-03-05,22.56,Active
487,736,692269.67,314418.57,2021-07-20,2024-07-18,16.03,Active
488,591,178229.97,27255.58,2023-07-12,2025-05-17,7.8,Active
489,450,79062.41,45879.54,2024-03-22,2025-11-06,12.25,Active
490,799,464213.79,0.0,2024-04-17,2025-11-17,21.77,Closed
491,359,665741.19,400016.61,2023-03-13,2023-05-22,20.78,Defaulted
492,900,438634.72,0.0,2022-08-26,2023-06-10,9.94,Closed
493,555,356685.33,216692.84,2021-01-23,2023-03-05,17.49,Defaulted
494,495,363470.53,122980.07,2021-06-09,2023-09-30,14.18,Active
495,549,493993.3,0.0,2023-11-19,2025-09-13,10.04,Closed
496,477,348089.67,0.0,2021-04-03,2025-06-03,19.59,Closed
497,928,593823.52,439806.0,2021-09-06,2023-12-01,24.27,Active
498,970,863649.61,347392.46,2021-01-18,2021-01-21,7.47,Active
499,589,817987.81,352739.61,2022-05-22,2023-01-14,10.2,Active
500,745,561479.36,388245.83,2023-12-30,2025-08-25,12.36,Active
501,722,901469.11,0.0,2021-10-12,2022-08-01,11.12,Closed
502,223,255045.66,166175.32,2022-10-14,2022-10-28,12.53,Defaulted
503,436,676589.97,0.0,2022-01-27,2024-03-20,7.45,Closed
504,414,925491.56,469216.79,2024-08-11,2025-11-27,5.44,Active
505,530,858403.83,0.0,2021-07-10,2022-04-30,16.62,Closed
506,521,625947.15,364309.96,2024-08-30,2024-12-03,20.57,Active
507,994,287848.03,208177.23,2023-08-06,2025-09-20,9.53,Active
508,786,350960.95,217457.69,2021-04-11,2023-12-20,12.29,Active
509,954,189213.5,0.0,2022-05-22,2022-12-04,11.18,Closed
510,278,599411.12,0.0,2022-04-27,2024-07-26,11.55,Closed
511,918,135418.94,81051.45,2024-06-15,2024-11-03,10.13,Active
512,814,210202.63,140076.45,2022-04-07,2022-07-17,11.86,Active
513,5,768977.2,124734.29,2023-03-15,2024-07-16,6.47,Active
514,452,488108.99,0.0,2024-10-03,2025-12-11,9.92,Closed
515,725,68992.48,59768.6,2022-12-28,2024-05-04,15.27,Active
516,115,760996.0,144058.94,2021-01-10,2022-04-30,21.79,Active
517,911,15756.81,7672.71,2021-09-26,2024-12-30,17.07,Active
518,468,38551.78,0.0,2023-04-14,2024-01-19,12.12,Closed
519,567,610698.16,440893.39,2022-03-05,2025-02-04,9.99,Active
520,651,303410.51,0.0,2022-09-02,2025-05-19,14.46,Closed
521,641,330325.3,94493.31,2021-10-31,2022-03-20,12.83,Active
522,51,858722.43,0.0,2022-10-26,2025-05-24,9.61,Closed
523,482,238769.71,199802.82,2024-01-29,2024-08-31,7.62,Active
524,310,493755.24,340067.49,2022-01-09,2022-08-21,11.55,Defaulted
525,160,579614.31,0.0,2021-10-01,2022-06-04,9.9,Closed
526,786,922785.73,0.0,2024-06-23,2025-12-07,20.86,Closed
527,91,197308.91,97487.55,2021-08-19,2025-03-02,10.03,Active
528,475,610595.77,320657.86,2021-10-21,2024-01-15,21.02,Active
529,65,919555.68,0.0,2021-06-13,2025-06-21,5.8,Closed
530,439,852646.27,0.0,2024-11-10,2024-12-16,23.59,Closed
531,967,318999.34,128945.75,2024-09-12,2024-12-06,8.54,Active
532,158,918292.17,0.0,2022-05-18,2022-10-18,18.74,Closed
533,421,169569.63,73736.99,2022-10-08,2024-12-10,5.39,Active
534,848,805953.88,0.0,2024-05-17,2024-10-16,21.29,Closed
535,720,862041.07,0.0,2022-11-26,2023-09-19,15.89,Closed
536,485,650460.4,417711.18,2024-07-18,2025-01-20,11.02,Active
537,788,218089.45,189189.03,2022-10-07,2025-05-06,10.3,Active
538,899,519472.8,373695.55,2024-08-12,2025-07-22,8.19,Defaulted
539,519,82149.2,25434.75,2021-07-10,2024-04-02,9.59,Active
540,564,328084.52,273684.93,2024-03-13,2025-03-25,10.74,Defaulted
541,255,144392.91,105731.37,2022-04-20,2023-12-24,8.32,Active
542,884,101434.83,19009.74,2023-11-06,2025-01-17,7.78,Active
543,89,218310.84,0.0,2023-11-04,2025-08-15,12.42,Closed
544,997,176599.73,151218.83,2022-04-14,2024-06-05,20.74,Active
545,707,673809.54,0.0,2021-07-27,2025-12-07,21.98,Closed
546,479,213509.27,0.0,2021-06-18,2022-12-06,13.57,Closed
547,97,70553.77,23139.87,2022-11-30,2024-04-15,16.18,Active
548,408,7957.06,0.0,2024-12-11,2025-01-19,24.19,Closed
549,890,131089.03,103537.54,2021-04-17,2024-03-30,20.44,Active
550,920,97095.68,61507.46,2023-02-23,2025-05-26,22.73,Active
551,497,725347.33,557037.15,2023-03-10,2025-11-11,9.42,Active
552,869,375561.84,75609.96,2022-09-21,2024-06-07,23.62,Active
553,839,475940.74,57423.73,2021-01-16,2023-05-25,23.65,Active
554,959,382038.13,0.0,2022-04-18,2025-09-18,15.0,Closed
555,69,665204.64,561119.56,2024-03-07,2024-04-11,12.11,Defaulted
556,697,686978.46,0.0,2022-03-30,2024-02-03,12.24,Closed
557,109,64142.62,27569.56,2022-06-15,2025-10-04,17.0,Active
558,306,573988.02,378917.97,2023-01-12,2024-11-21,16.27,Active
559,147,127297.86,0.0,2023-08-22,2025-07-12,18.08,Closed
560,522,429322.35,385622.3,2023-03-03,2024-03-17,16.09,Active
561,856,345395.48,260550.25,2023-09-17,2023-10-19,9.44,Defaulted
562,152,199638.15,186511.5,2024-07-21,2025-01-25,23.83,Defaulted
563,720,574377.98,0.0,2023-10-21,2023-11-27,17.61,Closed
564,934,795305.09,424361.22,2023-09-07,2025-09-23,13.44,Active
565,747,608428.41,263156.8,2021-11-04,2023-02-04,12.2,Active
566,100,871372.85,738379.85,2021-04-09,2022-03-12,11.44,Defaulted
567,352,227433.94,140104.65,2023-05-26,2023-12-05,13.02,Active
568,439,151212.85,0.0,2021-07-03,2022-02-28,7.98,Closed
569,59,103796.97,43622.29,2023-03-15,2023-12-15,24.12,Active
570,35,934979.95,356070.78,2024-04-11,2025-04-15,10.91,Active
571,570,274401.52,85730.62,2021-10-25,2022-04-28,13.68,Active
572,492,983668.76,317830.35,2024-04-13,2024-05-18,14.78,Active
573,512,347541.5,295607.81,2021-01-09,2024-06-04,15.86,Active
574,789,488830.91,260225.34,2022-10-08,2023-04-11,23.72,Active
575,702,368880.48,268308.04,2024-02-28,2025-09-22,9.71,Active
576,93,317994.0,284395.75,2023-08-05,2025-08-17,6.28,Active
577,320,296197.53,0.0,2022-01-16,2023-03-18,16.64,Closed
578,181,980198.11,642377.4,2021-06-21,2023-04-07,24.23,Active
579,76,340881.4,256549.1,2024-11-24,2024-11-26,10.4,Active
580,649,838312.35,531462.94,2020-12-27,2023-02-01,19.94,Defaulted
581,953,502079.54,435143.3,2023-07-08,2025-05-17,10.52,Active
582,150,551789.76,208832.03,2023-06-12,2023-10-08,18.53,Active
583,561,470781.81,201553.66,2023-03-15,2024-07-06,22.48,Active
584,264,102194.06,0.0,2021-09-05,2022-05-12,9.99,Closed
585,860,669347.7,80737.25,2021-02-12,2023-12-19,18.46,Active
586,391,177449.24,117914.82,2022-10-15,2023-04-30,16.34,Defaulted
587,411,595044.61,79960.89,2024-06-03,2024-08-30,10.79,Active
588,629,755558.51,605994.7,2021-01-19,2025-09-15,17.05,Active
589,838,222329.2,179999.89,2024-08-11,2025-09-05,8.94,Defaulted
590,568,250784.74,246359.82,2024-02-12,2024-12-05,22.68,Defaulted
591,852,204255.83,131479.82,2021-11-16,2023-12-10,21.9,Defaulted
592,944,964065.97,325471.85,2021-02-27,2021-04-26,11.72,Active
593,257,181649.34,0.0,2022-09-19,2023-07-18,19.41,Closed
594,84,368248.31,312121.01,2024-08-26,2025-07-22,9.17,Active
595,622,352810.68,251510.02,2021-09-06,2025-05-12,21.41,Active
596,44,379219.59,0.0,2023-05-10,2023-05-22,13.41,Closed
597,150,880145.62,0.0,2022-06-14,2023-06-27,14.19,Closed
598,333,784181.01,429369.95,2022-06-11,2025-11-15,19.4,Active
599,915,921124.93,543354.31,2023-04-29,2025-08-09,22.92,Active
600,222,840168.54,471301.51,2023-05-24,2024-12-29,21.81,Active
601,894,842689.59,324015.86,2022-03-09,2023-01-10,16.05,Active
602,387,117562.6,102298.86,2021-10-10,2022-06-09,11.86,Active
603,166,759652.95,609488.76,2024-04-22,2024-05-17,23.44,Defaulted
604,77,258020.04,83061.9,2023-06-26,2024-08-05,19.53,Active
605,978,415758.76,0.0,2024-01-08,2025-07-18,24.31,Closed
606,294,829140.92,530695.88,2021-03-23,2023-04-14,21.64,Defaulted
607,668,704559.2,83980.08,2024-09-01,2025-04-23,17.88,Active
608,809,862049.88,0.0,2023-08-21,2023-10-18,10.94,Closed
609,343,772381.25,0.0,2022-02-14,2025-07-01,13.23,Closed
610,239,64035.65,32906.49,2021-03-20,2024-09-24,5.79,Active
611,840,200534.31,173704.79,2023-08-08,2024-11-21,17.17,Active
612,389,245018.1,0.0,2021-02-14,2024-12-02,13.61,Closed
613,371,914369.99,654007.83,2022-03-23,2022-05-12,20.92,Defaulted
614,927,684101.97,374490.11,2022-02-22,2024-04-23,11.44,Active
615,293,964433.57,522360.27,2022-09-12,2023-07-09,20.45,Active
616,966,916079.67,464699.76,2024-01-08,2025-03-12,20.39,Active
617,563,993225.22,147642.07,2021-06-17,2024-06-22,21.59,Active
618,301,18599.36,6745.16,2022-06-06,2022-08-01,17.02,Active
619,753,95547.06,24042.46,2023-10-19,2025-06-23,16.25,Active
620,246,487883.66,240287.66,2022-02-01,2023-11-09,24.76,Active
621,913,988995.79,446715.1,2022-03-29,2025-02-16,8.4,Active
622,856,554836.73,163652.07,2023-10-23,2024-11-16,22.94,Active
623,323,44796.2,0.0,2024-11-17,2025-07-27,9.26,Closed
624,423,166268.56,120784.84,2024-02-19,2024-10-14,16.72,Active
625,69,478354.26,422611.88,2022-04-15,2023-08-17,16.34,Active
626,860,841276.18,549972.36,2024-10-30,2025-04-15,6.98,Defaulted
627,40,332809.82,274986.26,2021-11-15,2024-12-14,7.95,Active
628,297,331342.59,186148.83,2021-08-26,2025-05-07,20.56,Active
629,899,889230.63,0.0,2022-01-29,2024-01-17,19.92,Closed
630,248,832935.57,250732.08,2022-01-11,2024-05-01,22.76,Active
631,342,782377.58,712692.31,2024-05-26,2024-12-10,7.09,Defaulted
632,486,788785.4,0.0,2024-02-24,2024-07-22,16.44,Closed
633,160,265698.93,141219.05,2022-11-12,2023-04-16,13.19,Active
634,201,635868.48,88975.32,2021-09-30,2025-09-09,24.3,Active
635,735,878818.01,716507.8,2023-02-01,2024-01-03,19.58,Defaulted
636,609,926250.73,916816.61,2023-10-26,2025-03-11,13.41,Defaulted
637,263,485908.47,98496.33,2023-12-14,2025-11-09,23.26,Active
638,357,968838.89,0.0,2023-02-24,2024-04-05,13.51,Closed
639,620,209508.57,0.0,2022-12-03,2025-04-14,13.14,Closed
640,106,928740.54,759262.1,2023-12-10,2024-11-29,11.79,Defaulted
641,306,364709.91,0.0,2023-05-14,2025-07-16,12.62,Closed
642,510,124062.21,45075.98,2020-12-18,2021-06-20,18.18,Active
643,540,972881.5,584951.07,2022-11-27,2025-10-12,10.59,Active
644,748,135515.15,76145.38,2021-09-29,2024-05-11,7.54,Active
645,683,630872.33,0.0,2024-09-09,2025-12-08,9.33,Closed
646,968,206807.54,90271.74,2023-07-13,2025-02-19,17.42,Active
647,336,980268.96,449764.84,2024-07-18,2024-09-15,9.69,Active
648,706,988599.06,504025.82,2023-07-07,2025-05-05,8.72,Active
649,633,405414.29,362489.62,2023-03-26,2024-06-20,17.55,Defaulted
650,968,320249.61,133340.07,2022-02-04,2023-04-27,13.53,Active
651,906,298897.85,267403.2,2024-11-06,2025-01-09,19.9,Active
652,897,386134.17,104641.3,2022-01-22,2023-07-14,23.96,Active
653,176,412371.42,155141.85,2022-07-13,2023-11-17,10.09,Active
654,267,27549.54,10907.28,2023-12-24,2024-07-31,14.91,Active
655,994,895630.39,725410.66,2021-03-03,2022-03-03,15.32,Defaulted
656,679,96932.3,0.0,2024-02-14,2024-12-12,8.87,Closed
657,683,447705.82,237469.64,2024-02-11,2025-11-05,14.26,Active
658,256,563755.88,0.0,2022-06-06,2024-04-26,24.62,Closed
659,164,743948.29,449935.72,2021-01-11,2024-12-28,20.93,Active
660,601,852829.01,0.0,2020-12-22,2022-04-16,17.65,Closed
661,125,978204.38,788111.19,2022-04-13,2022-09-07,13.71,Active
662,977,573987.41,0.0,2021-07-06,2022-03-05,23.71,Closed
663,850,974644.14,778820.68,2022-12-18,2023-05-25,10.93,Active
664,263,441429.77,0.0,2023-02-12,2025-08-22,9.33,Closed
665,832,989722.68,839646.99,2022-12-07,2024-03-06,22.39,Defaulted
666,193,770477.03,156476.4,2021-02-06,2021-10-24,8.39,Active
667,325,809517.75,0.0,2020-12-27,2021-10-10,14.85,Closed
668,881,575791.79,469335.13,2023-07-10,2025-10-11,13.73,Active
669,115,922837.16,824916.39,2021-10-16,2021-12-25,12.64,Active
670,292,212930.95,0.0,2022-05-21,2022-12-31,13.15,Closed
671,750,118379.91,71695.53,2023-03-06,2023-08-27,24.72,Active
672,305,791508.24,742732.65,2022-08-08,2023-06-30,15.28,Defaulted
673,899,258243.38,200084.16,2021-06-18,2021-08-24,16.45,Active
674,117,417593.32,327403.92,2024-07-08,2024-11-22,7.08,Active
675,210,768767.52,0.0,2023-02-07,2025-06-21,7.79,Closed
676,273,357868.55,313076.51,2023-04-26,2025-06-26,14.05,Active
677,664,485069.38,0.0,2022-07-30,2023-01-12,6.83,Closed
678,922,267152.41,133889.77,2024-04-14,2025-08-05,22.22,Active
679,875,405334.38,144791.3,2023-10-10,2025-10-18,24.62,Active
680,906,846342.07,540838.3,2022-05-28,2024-08-06,8.83,Defaulted
681,245,302102.02,0.0,2024-06-16,2025-11-04,12.91,Closed
682,118,234247.93,116359.72,2022-06-08,2023-01-02,11.75,Active
683,478,329421.68,209850.29,2024-10-28,2024-12-27,19.33,Active
684,384,484547.81,435065.27,2024-01-03,2024-04-03,9.33,Active
685,158,642977.41,541417.34,2021-05-14,2023-06-04,18.86,Defaulted
686,52,991490.2,845656.81,2023-07-28,2024-01-11,18.46,Defaulted
687,671,496564.26,419643.91,2022-11-08,2024-04-20,12.57,Active
688,805,421754.63,259752.14,2021-04-03,2022-08-09,12.74,Active
689,564,11051.44,0.0,2024-11-10,2025-04-19,23.04,Closed
690,144,330450.47,72382.83,2021-03-19,2022-09-18,22.37,Active
691,435,308266.93,0.0,2023-02-25,2025-06-12,7.2,Closed
692,929,817369.76,656680.48,2024-08-30,2025-12-04,21.29,Active
693,26,47271.2,14306.69,2022-11-16,2025-06-02,23.29,Active
694,478,18259.88,0.0,2023-01-18,2025-06-21,22.21,Closed
695,431,322765.26,0.0,2021-08-09,2023-04-23,23.24,Closed
696,531,508143.76,0.0,2021-07-24,2023-07-13,24.01,Closed
697,459,250972.69,83272.39,2021-06-30,2025-01-18,10.58,Active
698,772,279709.94,101083.73,2021-08-16,2022-11-17,6.24,Active
699,365,611887.97,255729.53,2024-11-06,2025-08-05,22.65,Active
700,163,66814.33,53769.47,2022-10-06,2023-04-25,19.37,Active
701,191,451564.07,129444.09,2022-01-01,2024-12-26,8.25,Active
702,755,291998.0,34349.26,2023-04-25,2025-07-11,16.42,Active
703,820,330372.0,276357.2,2022-06-27,2025-03-02,12.02,Active
704,519,973696.19,0.0,2022-11-26,2025-05-05,10.94,Closed
705,827,510107.48,320019.06,2021-04-27,2023-07-10,16.02,Defaulted
706,316,338041.13,326348.63,2024-04-08,2024-07-18,20.78,Defaulted
707,859,451958.74,0.0,2021-10-21,2025-04-18,11.04,Closed
708,333,104883.15,0.0,2024-11-16,2025-08-08,22.39,Closed
709,810,256952.22,0.0,2023-06-12,2024-06-19,10.7,Closed
710,83,248028.39,75261.25,2022-01-01,2025-12-07,20.79,Active
711,316,683644.78,368977.63,2021-12-06,2024-12-24,20.96,Active
712,978,341888.83,90605.33,2023-07-21,2024-12-13,6.13,Active
713,72,899616.91,0.0,2023-12-30,2025-11-24,18.85,Closed
714,310,444883.22,158823.1,2022-02-08,2022-04-22,13.85,Active
715,727,44193.56,28175.47,2024-09-17,2025-01-01,9.46,Defaulted
716,84,355018.08,292913.13,2021-03-16,2024-08-14,8.01,Defaulted
717,271,644473.25,486221.37,2021-09-13,2024-04-26,7.78,Active
718,42,235565.28,30631.42,2024-02-28,2025-10-06,18.9,Active
719,546,540824.66,194038.71,2021-12-17,2025-11-03,23.56,Active
720,165,709315.02,225650.61,2022-06-20,2025-05-07,20.1,Active
721,622,51660.4,39572.46,2024-07-31,2024-10-30,21.53,Defaulted
722,643,157604.85,0.0,2024-02-10,2025-07-21,6.28,Closed
723,834,821921.36,0.0,2022-03-16,2025-10-24,21.61,Closed
724,872,619237.39,555469.81,2021-08-21,2022-07-04,14.52,Active
725,122,858735.8,0.0,2021-05-08,2025-10-03,24.77,Closed
726,437,694854.57,0.0,2024-05-03,2024-06-16,24.56,Closed
727,668,646330.89,180728.68,2023-10-20,2024-02-21,21.04,Active
728,326,359853.25,198039.74,2021-02-07,2024-05-16,18.41,Active
729,284,76900.18,0.0,2023-03-18,2024-11-09,8.13,Closed
730,486,70285.51,16021.98,2024-10-01,2025-08-26,11.83,Active
731,135,635521.86,555243.67,2024-06-05,2024-10-19,17.49,Active
732,137,287378.77,226953.01,2023-05-26,2025-01-12,8.13,Defaulted
733,482,463923.88,0.0,2022-05-15,2024-04-17,5.36,Closed
734,929,278604.02,0.0,2024-01-08,2025-03-11,22.53,Closed
735,232,620259.47,167229.81,2022-07-31,2023-06-19,9.45,Active
736,844,703642.39,280783.54,2023-12-07,2024-10-04,9.44,Active
737,194,518045.36,473641.33,2021-04-23,2024-04-11,11.6,Defaulted
738,988,826138.07,472420.1,2021-09-12,2025-03-07,16.6,Active
739,966,881886.66,0.0,2021-08-10,2024-11-18,14.14,Closed
740,806,301737.59,270906.52,2022-01-15,2025-01-22,14.1,Active
741,929,315184.47,243343.64,2022-01-12,2025-06-24,24.41,Active
742,847,192888.92,161831.0,2023-11-30,2024-11-08,12.52,Active
743,901,789339.25,0.0,2021-12-11,2023-05-13,13.77,Closed
744,82,680430.5,216196.86,2024-01-19,2024-08-18,10.01,Active
745,391,537110.73,0.0,2021-10-15,2024-03-04,14.89,Closed
746,833,698157.16,425487.73,2023-09-15,2025-03-05,21.05,Defaulted
747,317,490607.97,244743.57,2023-03-28,2023-06-21,11.09,Active
748,963,864125.45,0.0,2021-07-01,2023-06-03,14.25,Closed
749,785,21346.88,18163.98,2024-11-15,2025-08-28,11.89,Defaulted
750,728,855703.68,817304.32,2021-11-22,2025-05-04,15.24,Defaulted
751,333,309573.87,62183.98,2024-02-09,2024-09-06,7.08,Active
752,323,443819.75,0.0,2023-12-03,2024-08-27,6.1,Closed
753,370,120689.09,13428.4,2023-07-18,2025-08-01,15.75,Active
754,125,864834.59,115881.97,2021-12-02,2025-08-29,22.42,Active
755,22,585877.38,0.0,2023-07-13,2025-12-13,15.91,Closed
756,407,659182.37,614652.54,2024-11-18,2025-01-17,19.38,Defaulted
757,40,841717.38,0.0,2022-12-19,2023-11-13,6.8,Closed
758,254,141402.15,72943.3,2024-08-23,2025-05-04,10.68,Active
759,685,353100.09,303803.16,2024-01-10,2025-12-08,14.01,Defaulted
760,518,320942.68,0.0,2023-01-27,2023-03-13,7.67,Closed
761,41,556149.59,380213.57,2020-12-23,2021-05-12,11.63,Defaulted
762,497,443869.41,401733.98,2021-12-07,2024-01-14,5.76,Defaulted
763,941,430827.29,190725.78,2024-08-28,2025-10-24,19.65,Active
764,685,485164.41,372835.65,2023-02-19,2024-06-04,20.42,Defaulted
765,758,625708.62,391991.21,2024-10-01,2025-04-29,6.14,Defaulted
766,529,839553.19,336545.96,2022-10-05,2023-01-13,13.03,Active
767,64,75701.7,0.0,2024-04-02,2025-11-13,18.53,Closed
768,966,201887.83,0.0,2024-02-13,2024-07-03,16.78,Closed
769,5,122569.32,26395.86,2023-07-18,2025-12-03,9.75,Active
770,396,716468.0,471560.25,2023-02-01,2025-05-15,22.87,Defaulted
771,818,934105.48,0.0,2021-09-09,2022-06-16,18.95,Closed
772,701,359558.13,183334.46,2022-01-23,2022-02-05,20.53,Active
773,459,789884.43,729384.15,2023-04-08,2023-05-19,6.87,Defaulted
774,228,616060.12,0.0,2023-10-16,2024-11-01,5.45,Closed
775,398,224946.63,198174.99,2023-12-18,2025-06-26,11.17,Defaulted
776,811,699403.58,544432.17,2023-05-25,2024-12-04,6.81,Active
777,370,533722.73,58747.34,2023-02-25,2024-06-01,20.47,Active
778,880,182070.14,121236.71,2022-11-12,2025-12-11,21.73,Active
779,775,631556.9,0.0,2021-05-23,2023-08-19,24.55,Closed
780,41,420558.68,148190.79,2021-09-28,2024-09-08,9.57,Active
781,891,569655.87,240695.34,2023-11-28,2025-07-29,7.74,Active
782,236,475351.22,203346.02,2021-04-14,2025-06-06,18.1,Active
783,34,952317.01,0.0,2022-05-28,2022-11-16,8.13,Closed
784,691,371026.83,322493.5,2023-04-30,2023-08-16,9.41,Defaulted
785,417,545449.31,313091.5,2022-06-26,2022-07-30,24.29,Active
786,805,966339.2,817198.75,2022-05-22,2023-06-14,8.58,Active
787,365,203627.32,30512.11,2022-08-08,2025-08-03,23.44,Active
788,332,42861.29,36041.0,2022-09-02,2024-05-16,15.7,Defaulted
789,930,855650.24,614746.89,2023-01-14,2025-10-23,19.4,Active
790,500,674285.13,0.0,2021-11-13,2025-11-26,17.07,Closed
791,242,682492.06,458586.72,2022-11-07,2023-06-28,11.07,Defaulted
792,917,164208.08,153647.11,2022-11-21,2023-11-11,5.23,Defaulted
793,177,687414.58,286121.24,2022-06-21,2023-08-28,11.65,Active
794,402,427497.89,91711.54,2023-08-31,2024-07-02,16.65,Active
795,210,890455.42,0.0,2022-09-27,2025-07-19,13.63,Closed
796,198,623398.72,336187.86,2024-03-16,2024-06-22,23.03,Active
797,344,341635.18,0.0,2024-04-27,2025-07-10,16.39,Closed
798,690,226959.3,179312.93,2024-07-27,2024-11-20,21.52,Active
799,576,792100.71,530394.81,2024-09-12,2025-10-05,19.79,Active
800,643,390636.86,100558.18,2022-04-12,2023-10-16,8.22,Active
801,396,21628.57,4125.65,2024-02-03,2025-01-27,21.93,Active
802,501,953040.59,195465.45,2022-12-23,2023-09-04,9.67,Active
803,254,79634.37,69775.68,2021-10-14,2024-07-17,10.69,Defaulted
804,43,395296.41,246786.2,2023-05-24,2024-03-01,12.31,Defaulted
805,24,765746.39,149471.87,2022-09-10,2024-05-27,11.07,Active
806,823,591976.03,0.0,2022-07-19,2024-05-19,12.42,Closed
807,979,535727.22,0.0,2024-07-28,2024-12-16,8.98,Closed
808,253,857718.76,0.0,2021-05-29,2025-04-14,22.13,Closed
809,872,422050.58,398093.8,2021-07-22,2023-11-07,23.76,Defaulted
810,756,824864.58,627544.61,2023-03-13,2025-09-27,24.96,Active
811,165,803945.33,708120.72,2023-01-08,2024-07-07,9.18,Active
812,493,500874.54,50493.0,2023-11-25,2024-01-13,6.31,Active
813,158,208762.74,173081.69,2024-03-06,2025-10-27,9.04,Active
814,121,760213.18,0.0,2024-07-28,2024-08-26,11.69,Closed
815,912,832496.21,376298.36,2021-03-25,2021-05-18,13.13,Active
816,715,841937.44,439942.01,2024-12-05,2025-10-14,22.07,Active
817,702,725179.17,109420.17,2021-01-18,2021-02-08,12.1,Active
818,834,275817.28,0.0,2022-03-29,2023-06-16,12.91,Closed
819,221,5752.98,3642.67,2021-02-27,2022-04-26,24.83,Active
820,589,249569.19,168923.61,2023-11-18,2024-03-29,20.92,Active
821,625,323151.9,177085.41,2023-11-19,2025-09-29,5.64,Active
822,57,559358.71,374339.37,2021-12-03,2022-01-30,20.24,Active
823,834,797680.91,225842.85,2024-10-04,2025-12-07,5.52,Active
824,347,221313.12,173372.96,2024-09-29,2025-08-28,22.43,Defaulted
825,519,447440.37,0.0,2023-03-22,2025-12-09,10.39,Closed
826,999,935996.53,170371.54,2022-09-15,2024-04-09,14.82,Active
827,509,444299.01,84470.42,2021-02-16,2022-12-04,17.08,Active
828,657,114631.5,21152.97,2024-10-04,2025-03-11,24.99,Active
829,680,676112.22,0.0,2023-12-28,2024-06-04,17.64,Closed
830,539,968459.71,882391.76,2022-01-16,2025-03-08,9.57,Defaulted
831,84,346867.72,69279.68,2021-09-24,2025-10-07,23.28,Active
832,472,32841.72,3994.46,2023-04-12,2024-01-29,18.67,Active
833,607,360886.23,169988.68,2024-06-02,2025-02-08,18.82,Active
834,309,371686.79,0.0,2021-11-28,2024-02-29,12.74,Closed
835,129,240497.14,166893.39,2021-01-14,2025-06-30,17.69,Active
836,146,324768.44,281640.13,2024-05-02,2025-11-19,6.64,Defaulted
837,599,415735.3,146390.3,2021-02-16,2023-05-02,20.85,Active
838,697,312174.45,89196.57,2023-07-06,2025-07-28,8.75,Active
839,404,192728.52,71032.21,2023-11-15,2024-07-28,14.41,Active
840,642,286011.95,158977.62,2022-01-16,2023-09-28,19.79,Active
841,557,139436.11,123171.83,2023-05-09,2023-08-31,16.65,Active
842,979,142103.02,15861.47,2021-05-26,2025-08-10,5.86,Active
843,556,378167.19,0.0,2021-10-09,2023-04-22,16.53,Closed
844,178,600979.79,599755.11,2021-09-09,2023-01-06,14.15,Defaulted
845,303,31848.69,25616.92,2021-07-13,2025-01-12,23.55,Defaulted
846,227,639754.34,290444.32,2021-01-20,2022-05-25,17.08,Active
847,306,959054.84,371730.59,2024-10-10,2025-09-30,16.74,Active
848,720,532119.86,355710.74,2022-01-15,2024-10-23,24.56,Active
849,928,151699.82,112055.44,2024-01-27,2025-09-28,12.03,Defaulted
850,663,752792.55,468129.74,2021-04-28,2023-09-25,8.8,Active
851,434,126850.15,75224.71,2021-04-19,2025-11-22,19.9,Active
852,174,552617.11,458874.04,2024-06-29,2024-07-28,16.35,Active
853,436,469516.54,166211.04,2022-05-12,2025-10-05,13.36,Active
854,987,83706.38,14259.94,2024-08-04,2025-07-19,10.19,Active
855,510,352460.25,53703.89,2023-01-03,2023-08-07,19.73,Active
856,955,423591.27,310817.76,2021-09-12,2021-10-26,10.91,Active
857,32,367717.8,188823.37,2023-10-16,2025-12-07,9.62,Active
858,838,797671.04,548163.64,2024-11-15,2025-08-15,21.29,Active
859,579,891488.01,667219.02,2022-09-17,2025-01-30,7.6,Active
860,181,738747.15,0.0,2022-01-28,2024-01-02,12.25,Closed
861,917,255248.75,93280.19,2024-11-09,2025-04-16,21.56,Active
862,411,122178.88,0.0,2024-10-12,2025-03-31,13.99,Closed
863,153,448758.16,0.0,2021-11-15,2025-04-06,5.76,Closed
864,242,769753.21,623767.72,2022-05-28,2022-11-15,12.34,Defaulted
865,804,456209.27,0.0,2022-01-21,2022-07-12,15.6,Closed
866,369,153176.09,0.0,2023-06-02,2025-11-01,11.27,Closed
867,953,805055.04,308378.48,2021-12-07,2022-03-02,10.97,Active
868,314,11179.63,7158.54,2024-04-10,2024-11-18,8.3,Defaulted
869,413,606412.8,541908.55,2024-04-17,2025-02-13,21.61,Active
870,376,921030.06,0.0,2022-06-29,2023-06-27,11.73,Closed
871,822,346540.35,59805.84,2023-05-20,2025-11-06,12.16,Active
872,31,273514.09,229293.88,2021-01-16,2022-02-05,11.3,Active
873,101,382500.66,216745.7,2021-12-14,2025-06-20,9.16,Active
874,671,344502.25,199327.4,2022-10-13,2023-03-10,21.12,Active
875,977,50289.43,15395.47,2023-07-23,2025-06-19,6.86,Active
876,338,946690.05,673260.83,2024-01-04,2025-08-19,7.63,Active
877,919,236925.34,96659.65,2022-09-03,2023-04-08,6.75,Active
878,887,566229.47,469387.42,2023-03-22,2025-08-30,21.66,Active
879,583,435857.94,0.0,2021-12-24,2023-11-16,23.6,Closed
880,57,63029.41,39773.01,2023-06-08,2025-08-08,17.08,Defaulted
881,20,665908.16,77947.48,2024-05-11,2025-09-02,12.98,Active
882,200,266326.61,147699.21,2021-04-24,2023-06-29,16.42,Active
883,20,562781.05,246574.28,2021-07-25,2025-09-27,17.59,Active
884,476,519167.6,0.0,2023-11-26,2024-05-18,11.04,Closed
885,603,268481.43,225779.49,2021-12-07,2022-07-02,20.94,Active
886,68,527781.2,0.0,2023-03-26,2024-03-27,13.16,Closed
887,396,351298.12,154449.81,2024-03-17,2024-06-10,21.21,Active
888,924,649300.29,466043.6,2023-08-27,2025-08-21,19.96,Defaulted
889,211,28915.97,25386.86,2023-07-21,2025-04-09,8.17,Active
890,695,725597.22,308178.25,2023-05-17,2025-03-11,5.74,Active
891,959,880413.94,269007.72,2022-06-22,2022-10-29,10.88,Active
892,317,482364.57,61594.54,2024-05-23,2025-08-24,11.75,Active
893,327,192032.98,0.0,2021-03-14,2023-08-02,14.11,Closed
894,356,261276.32,124703.46,2024-01-10,2025-08-26,14.45,Active
895,758,577711.98,247387.99,2021-04-09,2024-03-24,8.33,Active
896,430,487412.11,0.0,2023-09-07,2023-12-02,22.46,Closed
897,1000,272280.95,109134.38,2024-05-19,2025-06-17,11.62,Active
898,430,725902.57,0.0,2022-02-01,2025-12-13,18.86,Closed
899,286,119440.0,96617.93,2024-04-19,2024-12-15,24.36,Defaulted
900,856,99744.27,46106.72,2022-06-10,2025-01-24,21.58,Active
901,489,304323.2,55624.4,2022-09-27,2023-10-03,5.6,Active
902,838,58730.14,0.0,2023-08-20,2024-08-22,19.89,Closed
903,463,489987.27,339073.72,2022-09-29,2024-10-28,20.86,Defaulted
904,339,944488.9,803998.67,2023-11-23,2024-12-19,15.87,Defaulted
905,146,323368.7,264066.06,2020-12-22,2025-09-26,7.28,Defaulted
906,715,88694.69,9781.16,2022-10-13,2024-06-05,15.0,Active
907,234,69787.15,49307.79,2024-08-26,2025-03-14,16.73,Active
908,576,222261.48,169507.73,2024-08-02,2025-03-21,13.73,Active
909,328,290299.84,160362.16,2024-08-21,2024-09-29,17.42,Active
910,298,25722.19,18128.15,2021-12-30,2024-06-24,16.17,Active
911,562,438889.15,338174.75,2023-11-16,2025-10-07,7.92,Active
912,109,458870.65,75592.71,2022-06-23,2025-06-02,17.86,Active
913,88,246245.8,164420.72,2022-09-06,2024-05-10,11.06,Defaulted
914,212,773530.65,452523.02,2022-05-24,2024-11-11,6.71,Active
915,763,867205.65,449415.68,2023-11-10,2024-05-23,10.11,Active
916,221,740428.78,527589.97,2024-04-28,2024-06-20,23.16,Active
917,936,23333.02,7919.78,2024-05-02,2025-08-22,9.7,Active
918,904,390047.92,0.0,2024-08-09,2024-08-26,19.19,Closed
919,456,628929.65,194455.52,2021-05-04,2022-08-20,24.13,Active
920,60,892832.57,407140.59,2022-04-24,2023-07-29,18.67,Active
921,805,616071.6,284472.54,2021-11-21,2024-01-09,11.89,Active
922,721,556343.84,0.0,2023-03-17,2023-09-07,21.05,Closed
923,2,868507.66,0.0,2023-01-27,2023-09-13,12.53,Closed
924,841,525597.86,0.0,2023-10-23,2025-04-03,20.0,Closed
925,429,24177.17,7461.38,2022-12-20,2024-12-09,23.95,Active
926,340,437162.2,0.0,2022-01-05,2025-04-20,16.59,Closed
927,387,478137.18,276727.45,2024-07-20,2025-01-01,7.79,Active
928,117,555805.34,0.0,2023-02-25,2024-06-22,8.88,Closed
929,592,583040.94,0.0,2024-07-06,2024-11-14,13.52,Closed
930,542,966024.7,455086.09,2024-02-10,2025-03-13,9.8,Active
931,430,31569.64,12030.42,2022-10-31,2023-07-14,15.46,Active
932,49,578978.85,228785.82,2022-11-15,2025-02-27,13.5,Active
933,96,142525.25,114003.97,2023-03-01,2025-08-08,19.89,Active
934,97,639626.96,0.0,2022-02-02,2022-07-11,9.37,Closed
935,899,239055.18,0.0,2022-01-22,2023-07-17,19.52,Closed
936,833,917647.23,383346.11,2023-09-13,2023-10-04,11.13,Active
937,247,869267.94,196792.19,2023-11-01,2024-11-02,5.82,Active
938,542,390761.44,240695.81,2021-02-08,2022-12-05,14.31,Active
939,182,81904.46,0.0,2024-08-04,2025-02-06,15.4,Closed
940,711,239086.89,180220.86,2024-01-19,2025-11-21,14.28,Defaulted
941,326,970403.53,384530.75,2021-12-17,2023-08-30,16.8,Active
942,386,607132.81,0.0,2021-05-18,2025-07-25,10.48,Closed
943,299,60546.98,30644.73,2022-08-24,2024-09-21,22.6,Active
944,858,136410.7,55652.65,2021-10-09,2024-10-02,24.58,Active
945,577,679275.81,307294.53,2022-09-17,2023-01-30,14.13,Active
946,152,129765.7,74558.7,2021-07-17,2024-05-13,14.88,Active
947,725,326885.41,178557.24,2022-08-30,2023-09-03,18.95,Active
948,902,159129.46,109448.67,2024-01-16,2025-02-19,16.43,Defaulted
949,163,691920.92,298855.73,2024-02-01,2024-10-09,19.59,Active
950,71,505432.71,191313.51,2022-03-06,2022-06-15,22.53,Active
951,889,494318.78,111324.58,2023-07-25,2023-12-09,12.19,Active
952,430,825153.66,455121.42,2021-02-22,2025-06-25,17.2,Active
953,430,820573.65,507061.57,2022-08-18,2024-09-06,7.9,Defaulted
954,505,345410.78,0.0,2022-04-20,2024-05-29,8.25,Closed
955,779,974817.81,418390.09,2021-06-14,2022-01-12,19.46,Active
956,324,142750.36,41999.24,2023-10-26,2024-08-10,17.62,Active
957,462,626962.75,523708.79,2022-10-26,2023-02-25,22.56,Defaulted
958,727,858821.49,411683.19,2022-12-06,2024-02-13,19.87,Active
959,116,77409.57,0.0,2021-08-18,2023-06-30,8.66,Closed
960,977,70865.21,53662.46,2023-09-07,2025-05-25,15.0,Defaulted
961,578,967256.47,815224.63,2024-01-06,2025-09-18,7.37,Active
962,571,503777.62,426164.14,2021-08-04,2023-07-03,17.59,Active
963,292,640731.57,526391.86,2021-07-29,2023-07-27,16.09,Defaulted
964,591,399262.67,275082.32,2023-05-05,2025-06-25,9.64,Active
965,551,965462.99,855354.71,2023-09-25,2023-11-06,18.03,Active
966,265,804933.42,669516.58,2024-07-03,2025-03-28,21.32,Active
967,465,77763.54,60085.24,2022-06-08,2023-09-27,16.44,Active
968,607,39016.45,0.0,2024-08-13,2025-01-22,7.11,Closed
969,902,575387.27,469798.34,2023-03-28,2024-02-28,5.31,Defaulted
970,633,87561.04,0.0,2023-06-19,2023-12-20,19.53,Closed
971,469,921532.77,733085.1,2021-05-04,2024-09-15,22.2,Active
972,495,379892.22,0.0,2021-10-27,2022-03-02,18.48,Closed
973,380,463174.58,0.0,2022-03-09,2023-07-19,23.6,Closed
974,617,113022.08,77080.04,2021-05-30,2023-05-16,23.84,Defaulted
975,857,902269.34,0.0,2021-10-18,2023-09-21,24.56,Closed
976,517,563005.79,107428.0,2021-04-24,2021-12-23,18.48,Active
977,490,735210.67,569582.99,2023-03-16,2025-09-02,16.41,Active
978,348,6234.05,4955.13,2023-08-10,2024-10-07,24.44,Defaulted
979,390,46573.62,0.0,2023-03-29,2025-06-08,9.46,Closed
980,445,244241.06,30020.59,2021-09-19,2021-10-03,17.63,Active
981,392,364710.7,0.0,2023-11-17,2024-02-04,18.01,Closed
982,899,928401.29,0.0,2022-05-18,2025-11-28,24.8,Closed
983,327,809384.94,533936.85,2021-12-30,2024-01-29,21.5,Active
984,77,561812.15,440095.96,2021-11-12,2025-04-30,6.52,Active
985,533,516580.67,301329.56,2023-12-21,2025-01-21,9.99,Active
986,945,881653.66,600618.25,2023-02-14,2023-03-26,14.81,Active
987,640,435488.68,100711.09,2020-12-21,2021-02-13,22.47,Active
988,796,340388.96,211804.24,2023-10-30,2025-06-11,16.21,Active
989,818,427120.33,267185.59,2021-03-24,2021-06-24,18.13,Defaulted
990,341,432559.98,152973.93,2024-04-03,2024-05-17,11.54,Active
991,179,52322.49,0.0,2023-05-30,2025-03-29,19.34,Closed
992,545,744602.45,181904.91,2021-07-06,2022-03-01,10.18,Active
993,806,234393.7,88419.71,2022-08-07,2023-07-22,19.79,Active
994,293,485296.67,0.0,2022-11-01,2022-11-04,7.86,Closed
995,398,914703.01,0.0,2021-07-29,2025-02-05,7.33,Closed
996,606,744256.74,120864.62,2023-02-10,2023-12-27,14.13,Active
997,926,329298.99,185023.24,2021-12-17,2023-07-17,5.54,Active
998,132,247895.91,0.0,2023-07-23,2023-10-01,13.25,Closed
999,5,347895.04,77926.17,2021-03-25,2025-01-02,8.8,Active
1000,820,516133.52,459572.59,2022-06-24,2024-08-13,18.93,Defaulted
