account_id,customer_id,account_type,balance,open_date
1,1,Checking,73217.74,2023/10/31
2,1,Checking,71483.25,2021/11/11
3,2,Checking,182644.01,2023/01/19
4,2,Loan,18292.19,2022/03/06
5,3,Savings,470048.54,2019/05/28
6,3,Savings,156052.76,2022/12/08
7,4,Savings,261933.51,2023/12/21
8,5,Savings,329533.41,2021/07/05
9,5,Savings,295931.02,2021/09/12
10,6,Savings,174290.05,2023/07/22
11,6,Savings,208125.75,2023/06/30
12,7,Savings,306330.12,2022/11/22
13,7,Checking,184264.01,2023/06/06
14,8,Checking,139159.17,2023/05/02
15,9,Savings,499803.04,2023/09/14
16,10,Savings,200350.14,2023/12/30
17,11,Savings,447309.72,2023/09/11
18,11,Savings,76618.28,2022/01/12
19,12,Savings,182153.47,2023/07/01
20,13,Savings,470669.46,2023/12/18
21,13,Savings,15437.15,2023/12/21
22,14,Savings,119549.13,2023/07/28
23,15,Savings,419907.54,2022/03/08
24,15,Checking,108053.04,2021/12/19
25,16,Checking,36320.25,2018/10/11
26,16,Loan,886123.49,2023/07/13
27,17,Checking,192332.93,2022/04/01
28,18,Savings,478928.40,2023/12/24
29,18,Savings,224857.64,2023/12/28
30,19,Checking,1822.99,2021/12/08
31,19,Checking,73413.40,2021/04/01
32,20,Checking,165113.19,2023/01/30
33,21,Loan,137931.46,2021/02/09
34,22,Savings,295092.87,2021/05/07
35,22,Checking,96809.83,2020/07/13
36,23,Savings,80687.47,2023/07/22
37,23,Savings,146469.35,2023/11/06
38,24,Checking,5941.96,2023/12/05
39,25,Savings,185677.05,2023/09/08
40,25,Savings,424364.03,2022/07/05
41,26,Savings,81546.95,2022/10/07
42,27,Savings,319871.76,2022/02/13
43,27,Savings,101466.06,2022/07/20
44,28,Checking,178040.66,2023/01/07
45,28,Loan,294406.50,2023/01/24
46,29,Checking,24065.02,2023/09/04
47,30,Loan,718297.44,2022/04/03
48,31,Savings,408504.68,2023/07/11
49,32,Savings,78387.48,2022/02/12
50,32,Savings,282568.92,2022/04/24
51,33,Savings,419110.51,2023/10/15
52,34,Loan,845244.03,2022/12/06
53,35,Savings,453005.79,2022/02/08
54,36,Savings,417138.15,2021/05/14
55,36,Savings,235386.67,2022/04/28
56,37,Checking,148516.98,2023/10/21
57,37,Checking,148036.10,2023/05/05
58,38,Savings,81605.62,2023/10/11
59,39,Savings,92012.84,2021/03/05
60,40,Savings,478184.99,2022/11/11
61,41,Savings,104005.64,2023/11/25
62,41,Loan,836731.83,2023/10/15
63,42,Savings,26959.48,2022/06/02
64,43,Loan,674777.65,2019/03/29
65,43,Loan,622730.28,2019/12/31
66,44,Savings,228353.21,2022/11/01
67,45,Checking,42952.17,2022/05/19
68,46,Savings,462832.26,2023/05/31
69,47,Savings,474222.95,2019/01/15
70,48,Checking,198809.98,2022/04/26
71,48,Savings,407265.65,2022/07/06
72,49,Loan,831094.02,2023/11/10
73,50,Savings,261391.50,2021/10/23
74,50,Savings,283461.02,2022/10/15
75,51,Savings,465004.80,2023/01/14
76,51,Loan,598681.09,2023/02/11
77,52,Savings,433070.43,2022/10/09
78,53,Checking,152479.71,2020/01/30
79,53,Checking,189387.36,2022/06/22
80,54,Checking,19199.72,2023/12/06
81,54,Savings,322996.60,2023/09/04
82,55,Savings,190578.17,2022/06/03
83,56,Loan,80954.87,2023/03/11
84,56,Checking,23280.03,2022/02/28
85,57,Savings,4567.19,2023/10/26
86,58,Loan,218521.10,2018/08/22
87,58,Savings,15289.74,2022/03/22
88,59,Savings,19250.47,2023/01/05
89,59,Savings,198816.37,2020/12/25
90,60,Checking,189548.48,2022/08/18
91,60,Savings,266727.24,2023/03/31
92,61,Checking,110965.82,2022/08/19
93,61,Savings,405500.96,2020/10/13
94,62,Checking,178322.42,2022/10/18
95,62,Savings,478931.84,2022/08/22
96,63,Loan,810675.93,2023/01/13
97,64,Checking,142033.09,2021/02/12
98,64,Loan,419956.89,2023/06/16
99,65,Checking,20858.61,2023/09/07
100,66,Savings,181114.85,2020/08/19
101,66,Loan,270208.72,2020/12/31
102,67,Checking,109188.31,2022/08/25
103,67,Savings,20266.76,2023/11/12
104,68,Loan,972870.59,2022/11/30
105,68,Loan,258229.46,2023/02/03
106,69,Loan,959075.19,2023/08/03
107,69,Loan,718888.26,2023/01/29
108,70,Loan,29100.42,2022/07/24
109,71,Savings,218833.03,2021/08/09
110,71,Loan,264822.33,2023/10/30
111,72,Savings,205923.18,2019/07/16
112,72,Savings,393664.08,2021/01/16
113,73,Checking,46841.10,2023/05/29
114,73,Checking,143259.55,2023/12/15
115,74,Checking,22067.70,2018/09/25
116,74,Loan,742777.52,2023/06/12
117,75,Loan,337615.85,2023/01/15
118,75,Savings,50375.82,2023/07/07
119,76,Savings,248172.66,2023/06/10
120,77,Loan,231724.26,2021/12/16
121,78,Savings,247667.99,2021/05/18
122,79,Checking,93772.62,2023/05/04
123,80,Savings,405318.16,2022/11/29
124,80,Savings,5424.52,2022/03/05
125,81,Savings,186395.49,2023/01/05
126,81,Loan,682175.62,2022/10/28
127,82,Savings,475573.52,2023/12/24
128,83,Loan,562302.72,2022/03/15
129,83,Savings,144289.69,2021/05/06
130,84,Loan,299465.49,2022/11/18
131,85,Checking,82751.66,2020/12/06
132,85,Checking,38587.27,2023/07/08
133,86,Checking,88067.74,2023/11/11
134,86,Savings,442321.06,2023/01/31
135,87,Loan,207676.20,2022/07/13
136,88,Savings,252180.07,2020/03/21
137,88,Checking,160356.94,2022/04/20
138,89,Checking,138416.16,2020/05/28
139,89,Savings,473817.39,2022/05/15
140,90,Checking,57026.38,2023/07/15
141,91,Checking,61084.02,2020/05/12
142,91,Savings,73164.92,2020/10/11
143,92,Checking,156374.47,2023/10/15
144,92,Savings,432074.41,2023/08/03
145,93,Checking,50240.82,2023/08/29
146,94,Checking,173478.53,2022/12/11
147,95,Checking,197778.54,2021/11/06
148,95,Checking,102509.97,2023/03/18
149,96,Savings,415478.54,2022/08/29
150,97,Savings,244304.76,2020/09/29
151,98,Savings,109083.64,2021/11/07
152,99,Savings,187704.51,2019/08/21
153,99,Loan,191951.88,2021/08/26
154,100,Checking,59663.98,2023/12/28
155,101,Savings,104832.33,2022/06/21
156,102,Savings,44527.63,2019/10/07
157,103,Savings,148669.06,2023/04/01
158,103,Checking,153975.53,2019/07/29
159,104,Savings,183916.55,2022/12/08
160,105,Savings,370703.57,2022/07/16
161,105,Loan,757304.33,2021/07/17
162,106,Checking,113210.53,2023/06/13
163,106,Loan,179918.98,2023/11/04
164,107,Savings,311375.78,2023/12/17
165,107,Checking,80411.71,2023/06/14
166,108,Savings,389127.86,2022/04/07
167,109,Checking,39438.13,2023/06/13
168,110,Savings,393157.79,2018/09/30
169,111,Savings,55392.61,2023/09/10
170,112,Checking,12628.99,2018/08/13
171,113,Savings,58786.79,2022/06/15
172,113,Savings,471767.04,2023/11/20
173,114,Savings,491228.10,2023/04/21
174,115,Savings,426569.65,2023/11/16
175,116,Loan,953973.73,2018/11/20
176,117,Savings,378225.88,2022/11/12
177,117,Checking,5351.01,2023/01/01
178,118,Savings,95177.44,2023/06/16
179,119,Loan,927133.27,2022/12/15
180,120,Savings,238289.79,2021/07/10
181,120,Checking,124944.58,2023/08/24
182,121,Checking,89259.71,2019/12/20
183,122,Savings,399562.44,2021/09/11
184,122,Loan,279932.96,2021/05/11
185,123,Savings,374095.85,2023/08/20
186,123,Checking,141043.43,2021/10/03
187,124,Savings,421399.98,2023/12/10
188,125,Savings,473663.58,2023/05/14
189,125,Savings,271701.79,2023/12/04
190,126,Savings,122865.99,2023/01/08
191,127,Loan,29860.01,2023/08/06
192,128,Savings,281808.82,2023/12/28
193,128,Checking,36787.43,2023/12/23
194,129,Savings,18466.09,2023/08/19
195,129,Checking,114581.83,2023/10/30
196,130,Checking,92600.30,2023/01/31
197,131,Savings,100026.50,2023/10/03
198,132,Checking,93453.52,2020/12/13
199,132,Savings,482375.37,2022/06/09
200,133,Checking,111920.81,2019/11/20
201,134,Loan,176641.71,2022/12/15
202,134,Savings,207336.77,2023/02/02
203,135,Savings,81283.99,2023/10/24
204,136,Savings,470055.93,2021/01/06
205,137,Savings,17210.65,2022/08/02
206,137,Checking,174471.69,2022/01/10
207,138,Loan,575398.30,2019/02/13
208,139,Checking,14060.59,2022/09/16
209,139,Savings,447093.89,2023/10/26
210,140,Savings,458754.62,2023/09/26
211,141,Checking,62045.67,2023/04/18
212,142,Checking,94215.92,2022/01/06
213,143,Checking,67723.77,2022/08/01
214,144,Savings,185147.14,2022/10/14
215,144,Savings,254157.51,2021/03/14
216,145,Savings,14140.50,2023/06/15
217,145,Checking,122892.00,2023/09/17
218,146,Checking,131584.54,2022/10/01
219,146,Savings,457487.23,2022/11/27
220,147,Checking,185796.36,2020/09/27
221,148,Savings,257848.19,2019/12/18
222,149,Loan,909152.40,2023/06/21
223,150,Savings,221565.01,2021/08/23
224,150,Loan,544345.74,2022/08/18
225,151,Savings,233304.50,2019/12/03
226,152,Checking,54360.28,2023/12/17
227,153,Checking,160359.57,2023/06/22
228,154,Savings,491634.41,2022/01/15
229,154,Savings,379660.53,2023/10/05
230,155,Checking,41239.91,2022/02/10
231,156,Savings,439013.29,2020/12/22
232,157,Loan,586072.85,2023/09/27
233,158,Loan,919430.33,2023/07/14
234,159,Loan,657699.20,2019/08/09
235,160,Savings,187082.54,2022/07/07
236,160,Loan,888526.52,2021/05/10
237,161,Loan,257329.40,2022/12/07
238,161,Savings,340017.26,2022/10/28
239,162,Savings,264390.70,2023/11/24
240,162,Savings,258206.84,2023/08/02
241,163,Savings,86804.02,2023/11/22
242,164,Loan,296704.21,2021/07/29
243,165,Savings,169773.32,2023/04/06
244,166,Checking,25837.48,2022/10/08
245,166,Checking,110767.55,2023/03/08
246,167,Savings,16655.24,2022/03/31
247,168,Loan,852851.31,2022/03/23
248,168,Loan,675231.25,2021/03/31
249,169,Savings,319101.28,2023/07/20
250,169,Loan,476126.24,2022/01/14
251,170,Savings,474536.23,2022/08/19
252,170,Savings,104237.74,2023/11/05
253,171,Loan,48453.56,2023/06/28
254,172,Checking,53144.88,2022/03/18
255,172,Loan,825134.11,2020/03/20
256,173,Loan,708770.88,2023/09/19
257,174,Checking,184628.88,2023/07/12
258,175,Savings,200157.81,2023/03/11
259,176,Savings,6271.71,2023/06/29
260,177,Savings,327204.26,2023/12/30
261,177,Savings,43452.25,2023/10/05
262,178,Savings,462399.49,2022/05/23
263,179,Savings,126683.22,2022/09/12
264,180,Loan,392066.20,2022/09/13
265,180,Savings,442019.87,2022/08/28
266,181,Checking,123769.05,2023/08/07
267,182,Loan,55923.67,2022/04/06
268,183,Savings,429759.78,2022/05/23
269,183,Savings,405798.40,2023/11/08
270,184,Checking,161411.61,2022/08/27
271,185,Loan,867515.15,2023/10/17
272,185,Savings,373188.31,2021/01/15
273,186,Savings,154375.18,2018/09/21
274,187,Savings,336480.20,2023/07/05
275,188,Checking,91134.26,2023/05/11
276,189,Checking,193971.44,2023/11/04
277,189,Checking,150082.15,2023/10/09
278,190,Savings,64532.64,2020/01/28
279,191,Savings,67577.39,2020/04/12
280,192,Savings,215616.24,2023/05/24
281,192,Checking,59460.46,2023/10/07
282,193,Checking,28656.05,2021/08/22
283,193,Loan,304504.50,2023/07/19
284,194,Savings,90591.76,2023/05/09
285,194,Checking,180229.17,2023/04/05
286,195,Checking,49605.56,2018/06/01
287,196,Checking,104933.66,2020/07/04
288,196,Loan,565387.18,2021/12/29
289,197,Checking,87416.58,2019/07/06
290,198,Checking,74668.03,2023/07/27
291,199,Checking,105023.26,2023/09/18
292,200,Checking,144620.89,2023/10/21
293,201,Checking,42335.72,2021/09/29
294,201,Savings,104578.60,2022/12/22
295,202,Loan,719092.04,2022/03/25
296,202,Savings,217391.52,2022/11/21
297,203,Savings,225938.76,2023/11/01
298,203,Loan,474662.61,2023/11/06
299,204,Savings,342019.63,2023/03/02
300,204,Checking,73640.07,2023/06/26
301,205,Savings,471280.79,2023/01/19
302,206,Checking,42250.56,2023/11/06
303,206,Checking,4762.37,2023/11/25
304,207,Savings,18551.67,2023/12/30
305,208,Savings,248104.50,2023/07/09
306,208,Checking,148304.36,2023/01/11
307,209,Savings,195598.78,2019/04/23
308,209,Savings,113095.37,2022/07/10
309,210,Savings,110588.04,2023/05/19
310,211,Checking,145136.66,2020/11/06
311,212,Checking,166795.45,2023/05/09
312,212,Checking,124819.86,2023/09/04
313,213,Checking,134628.57,2022/12/23
314,214,Savings,214627.22,2023/12/04
315,214,Loan,516310.75,2023/11/09
316,215,Savings,299581.81,2023/05/21
317,216,Checking,65745.50,2023/05/10
318,216,Savings,346529.44,2023/08/12
319,217,Savings,84006.89,2020/08/05
320,217,Loan,138550.32,2022/07/05
321,218,Checking,103704.83,2023/08/16
322,218,Savings,343226.16,2023/04/16
323,219,Loan,982385.86,2022/06/30
324,220,Savings,472962.93,2022/03/03
325,221,Savings,367316.93,2022/12/14
326,222,Checking,56845.02,2020/07/30
327,222,Savings,311194.16,2020/11/04
328,223,Savings,32531.04,2023/11/27
329,223,Savings,462133.64,2023/12/20
330,224,Savings,163861.59,2023/11/14
331,225,Savings,26501.93,2020/07/16
332,225,Savings,295938.69,2020/06/05
333,226,Checking,195703.77,2022/04/02
334,227,Checking,198945.99,2023/02/14
335,227,Checking,167220.18,2022/06/26
336,228,Checking,117660.66,2023/03/17
337,229,Savings,217269.04,2023/09/05
338,229,Checking,100213.76,2023/10/03
339,230,Savings,364205.44,2023/12/12
340,230,Loan,396758.48,2023/12/07
341,231,Savings,390477.00,2022/12/11
342,231,Savings,183889.91,2023/10/17
343,232,Savings,498886.12,2023/05/19
344,233,Checking,170402.62,2018/04/22
345,233,Checking,139359.15,2018/12/26
346,234,Savings,370895.66,2023/12/03
347,235,Savings,146718.55,2023/05/06
348,235,Savings,208348.88,2023/08/25
349,236,Savings,242217.23,2021/05/08
350,236,Loan,376165.98,2022/04/11
351,237,Savings,262238.27,2023/03/22
352,237,Savings,187663.68,2023/11/30
353,238,Savings,119611.59,2021/09/19
354,238,Loan,81804.44,2023/02/02
355,239,Savings,449805.56,2020/08/03
356,239,Savings,228731.91,2020/08/02
357,240,Loan,97577.47,2023/06/05
358,240,Savings,304689.00,2023/11/06
359,241,Loan,71341.48,2023/10/03
360,241,Savings,395096.44,2023/12/26
361,242,Savings,90307.27,2020/12/13
362,243,Savings,430100.13,2019/12/20
363,244,Loan,920395.84,2022/11/06
364,244,Savings,339568.96,2023/09/11
365,245,Checking,140175.17,2022/09/03
366,246,Loan,739468.22,2023/05/21
367,247,Savings,83508.75,2019/01/15
368,248,Checking,33228.85,2022/03/19
369,248,Loan,955504.60,2020/08/08
370,249,Loan,472033.49,2023/11/17
371,250,Checking,89845.17,2023/11/17
372,251,Checking,69954.92,2021/07/09
373,251,Loan,539593.20,2022/06/13
374,252,Loan,882315.74,2020/12/26
375,253,Savings,25665.04,2021/04/29
376,254,Savings,236890.70,2019/11/12
377,255,Checking,174737.79,2022/09/20
378,256,Savings,313765.07,2022/04/18
379,257,Savings,71848.35,2023/01/23
380,258,Savings,31060.83,2023/07/07
381,259,Checking,51130.18,2023/10/10
382,259,Savings,481237.73,2021/11/24
383,260,Checking,126060.82,2023/11/08
384,260,Savings,82847.66,2023/10/01
385,261,Loan,154713.66,2020/09/06
386,261,Savings,54274.42,2020/08/13
387,262,Loan,826526.00,2022/04/05
388,262,Savings,205889.59,2021/10/31
389,263,Checking,25174.86,2023/12/03
390,263,Savings,161018.50,2023/11/05
391,264,Savings,50012.21,2019/12/29
392,265,Checking,1873.44,2022/05/03
393,265,Savings,240285.82,2023/06/11
394,266,Savings,3144.96,2023/07/02
395,266,Loan,646307.91,2023/05/16
396,267,Savings,284296.69,2023/08/21
397,268,Loan,892686.63,2023/02/16
398,269,Savings,235528.73,2023/05/30
399,269,Loan,717493.48,2023/02/16
400,270,Savings,268170.59,2023/06/25
401,271,Savings,420044.18,2021/04/12
402,271,Savings,142643.35,2023/09/10
403,272,Loan,672738.53,2022/12/31
404,273,Savings,423126.47,2021/04/03
405,274,Loan,538139.87,2022/11/23
406,274,Savings,376696.65,2023/05/23
407,275,Savings,76718.79,2022/03/19
408,276,Loan,988263.13,2022/12/17
409,277,Savings,146847.57,2023/05/27
410,277,Savings,264891.05,2019/03/24
411,278,Savings,147537.41,2023/03/22
412,279,Savings,217497.52,2023/03/27
413,280,Loan,539213.09,2023/08/09
414,280,Checking,22327.31,2023/01/07
415,281,Savings,296328.38,2023/09/08
416,281,Savings,130049.36,2023/04/07
417,282,Checking,144679.53,2023/11/23
418,283,Checking,100923.71,2019/06/03
419,283,Checking,112707.37,2022/03/19
420,284,Loan,461171.62,2023/11/23
421,285,Savings,89048.75,2023/12/25
422,285,Loan,478073.12,2023/12/24
423,286,Savings,158738.11,2020/09/30
424,286,Checking,98398.39,2020/06/12
425,287,Checking,20995.98,2020/08/19
426,287,Savings,73328.14,2023/04/30
427,288,Savings,276856.22,2022/04/19
428,288,Savings,251494.82,2023/12/24
429,289,Savings,445539.60,2021/06/09
430,290,Loan,282559.16,2022/04/23
431,290,Checking,68787.44,2020/04/27
432,291,Checking,24927.80,2022/05/04
433,292,Savings,10041.76,2023/03/12
434,292,Loan,13270.23,2023/10/12
435,293,Checking,190171.62,2023/09/11
436,293,Savings,408689.59,2023/01/25
437,294,Loan,414634.39,2023/12/06
438,294,Loan,351022.54,2023/10/17
439,295,Loan,808066.07,2021/08/12
440,295,Checking,35942.69,2020/07/27
441,296,Loan,263531.66,2023/08/27
442,296,Checking,13303.68,2022/11/14
443,297,Loan,730034.59,2021/09/02
444,297,Savings,370465.48,2023/01/06
445,298,Savings,261201.31,2023/12/12
446,299,Savings,248369.67,2023/06/24
447,299,Checking,116322.77,2023/09/21
448,300,Loan,873527.70,2022/02/01
449,301,Savings,341572.33,2023/12/07
450,301,Loan,846721.22,2022/11/14
451,302,Savings,10868.75,2022/11/23
452,303,Savings,78255.20,2023/03/27
453,303,Savings,102259.23,2023/07/19
454,304,Checking,15369.63,2023/12/07
455,304,Loan,959432.43,2023/12/02
456,305,Savings,29698.03,2022/01/07
457,305,Savings,167503.46,2022/07/22
458,306,Savings,339650.08,2022/04/23
459,306,Savings,79561.87,2023/10/05
460,307,Loan,834129.74,2022/09/27
461,308,Savings,444087.97,2022/10/21
462,309,Checking,119620.40,2021/03/16
463,309,Loan,77495.34,2022/01/14
464,310,Savings,223393.84,2023/04/28
465,310,Savings,122066.57,2023/04/23
466,311,Savings,456992.90,2023/04/22
467,312,Savings,216396.27,2020/02/04
468,313,Savings,288279.96,2021/08/04
469,314,Savings,22571.45,2023/12/25
470,315,Checking,51798.54,2021/01/25
471,316,Savings,156891.94,2021/07/26
472,317,Savings,133260.99,2023/11/28
473,318,Savings,13535.76,2023/05/18
474,318,Checking,194970.05,2022/05/13
475,319,Checking,115784.29,2022/12/31
476,320,Savings,295451.78,2022/04/04
477,320,Savings,182043.93,2021/03/16
478,321,Loan,661732.78,2023/07/07
479,321,Savings,331469.21,2022/08/17
480,322,Savings,177333.42,2018/12/08
481,323,Loan,377995.68,2023/10/07
482,323,Savings,134190.96,2023/07/19
483,324,Checking,178742.90,2023/06/20
484,325,Checking,22510.09,2023/07/29
485,325,Loan,912810.94,2022/11/02
486,326,Loan,570338.65,2020/04/27
487,327,Savings,336713.95,2023/07/08
488,327,Savings,206294.93,2019/12/13
489,328,Checking,33048.50,2023/12/26
490,328,Checking,62485.75,2023/08/26
491,329,Savings,224385.11,2023/10/04
492,330,Checking,84050.14,2023/07/07
493,331,Loan,581275.10,2021/09/07
494,332,Savings,497352.79,2023/08/24
495,332,Loan,835347.91,2021/06/02
496,333,Checking,30604.24,2021/08/01
497,333,Savings,261897.52,2022/01/10
498,334,Savings,492339.41,2023/12/22
499,335,Checking,20342.87,2023/05/19
500,335,Loan,873372.62,2023/10/16
501,336,Savings,141884.14,2023/12/23
502,336,Savings,468875.56,2023/05/30
503,337,Checking,197747.01,2020/10/01
504,337,Loan,30485.09,2021/01/29
505,338,Savings,230514.23,2023/06/10
506,338,Checking,23488.59,2023/02/04
507,339,Savings,325501.00,2023/12/19
508,340,Checking,123876.95,2022/07/04
509,340,Loan,288948.60,2021/01/21
510,341,Savings,188700.11,2020/06/01
511,341,Savings,130144.96,2020/01/31
512,342,Savings,143513.65,2020/09/05
513,342,Savings,270266.56,2020/10/07
514,343,Savings,316629.39,2023/01/03
515,343,Savings,365131.05,2023/02/21
516,344,Savings,64850.78,2020/10/01
517,345,Loan,172399.71,2023/04/11
518,345,Checking,39239.90,2023/05/10
519,346,Savings,131124.74,2023/12/03
520,346,Savings,458890.43,2022/09/05
521,347,Savings,409150.71,2020/05/18
522,347,Savings,384670.79,2022/04/19
523,348,Savings,272859.37,2023/11/01
524,348,Savings,207342.57,2023/12/19
525,349,Savings,11004.61,2023/11/29
526,350,Savings,350998.85,2023/03/16
527,350,Savings,393451.41,2022/10/09
528,351,Savings,67830.19,2023/05/28
529,351,Savings,164265.91,2022/07/14
530,352,Savings,435152.00,2023/03/08
531,352,Checking,75985.80,2022/02/24
532,353,Checking,48828.64,2023/12/21
533,354,Checking,67300.04,2022/09/04
534,354,Savings,171775.26,2021/10/02
535,355,Loan,955208.11,2023/11/26
536,355,Savings,184710.61,2023/07/20
537,356,Loan,689811.57,2023/11/15
538,356,Savings,421683.12,2023/12/27
539,357,Checking,158231.15,2022/04/26
540,357,Savings,77321.02,2023/09/11
541,358,Savings,241819.69,2023/10/05
542,359,Savings,249506.82,2022/10/23
543,360,Checking,72620.47,2022/01/26
544,361,Savings,45982.46,2021/08/25
545,362,Savings,185952.89,2020/09/09
546,363,Savings,51532.57,2020/06/21
547,364,Savings,321422.03,2021/06/19
548,364,Savings,88144.30,2021/08/25
549,365,Checking,124170.44,2023/01/07
550,366,Loan,990948.70,2023/09/08
551,366,Checking,54318.13,2023/07/19
552,367,Savings,377918.97,2023/10/25
553,367,Loan,63092.32,2022/04/07
554,368,Checking,5210.03,2021/08/27
555,368,Savings,20339.60,2023/01/28
556,369,Loan,727125.19,2019/01/19
557,369,Savings,23978.49,2021/08/08
558,370,Savings,274109.67,2023/09/29
559,371,Loan,318050.63,2023/11/16
560,371,Loan,849342.09,2023/08/10
561,372,Checking,189770.69,2023/09/30
562,372,Loan,699869.73,2023/12/15
563,373,Savings,301834.84,2023/01/20
564,374,Savings,334443.40,2022/12/15
565,374,Savings,290217.92,2023/09/20
566,375,Savings,366134.83,2021/06/12
567,375,Savings,86552.82,2023/02/12
568,376,Savings,360496.09,2023/10/24
569,377,Savings,3511.38,2022/05/04
570,377,Savings,270266.14,2023/06/03
571,378,Loan,838728.69,2023/01/28
572,379,Loan,943443.16,2023/04/26
573,380,Savings,66472.50,2021/12/12
574,380,Savings,373183.02,2021/10/29
575,381,Savings,446244.78,2020/09/15
576,382,Checking,16523.90,2023/02/05
577,382,Loan,633952.89,2023/09/25
578,383,Checking,22808.85,2020/03/25
579,383,Savings,378864.79,2022/01/08
580,384,Checking,8123.61,2022/09/19
581,384,Savings,392638.94,2020/07/03
582,385,Savings,309159.80,2023/04/03
583,385,Checking,14840.21,2022/10/12
584,386,Loan,835774.59,2021/06/14
585,387,Savings,408304.84,2023/03/04
586,388,Checking,64562.60,2021/06/07
587,389,Loan,956472.82,2020/08/23
588,390,Loan,549578.47,2021/04/29
589,391,Savings,32743.96,2023/05/27
590,391,Savings,161752.43,2023/10/16
591,392,Checking,58335.81,2022/10/25
592,392,Savings,1138.25,2020/11/06
593,393,Savings,107885.66,2022/11/11
594,394,Checking,90039.45,2021/11/29
595,395,Savings,54255.63,2023/05/10
596,396,Savings,35621.83,2023/12/20
597,397,Savings,463959.00,2022/01/21
598,398,Savings,377924.05,2020/09/05
599,399,Savings,336747.76,2021/01/24
600,399,Checking,169991.78,2022/09/16
601,400,Savings,446978.88,2020/07/20
602,400,Savings,207553.20,2020/08/04
603,401,Savings,64373.66,2022/05/06
604,402,Checking,172485.96,2023/12/02
605,402,Savings,351158.63,2023/12/11
606,403,Checking,121980.12,2021/04/14
607,404,Savings,194609.36,2023/12/28
608,405,Savings,146911.23,2022/10/20
609,405,Savings,270307.73,2019/12/11
610,406,Checking,12222.79,2023/10/07
611,406,Savings,346842.51,2023/11/22
612,407,Savings,143952.71,2022/12/14
613,408,Checking,95233.35,2022/08/15
614,408,Loan,24260.10,2023/11/13
615,409,Savings,224941.73,2019/09/27
616,409,Savings,50055.69,2021/10/11
617,410,Savings,95891.13,2023/01/12
618,410,Savings,83862.85,2023/09/21
619,411,Checking,139224.44,2022/10/30
620,411,Savings,11504.03,2021/06/20
621,412,Loan,273982.12,2022/05/09
622,413,Loan,470842.20,2018/12/20
623,413,Savings,257343.99,2023/09/30
624,414,Savings,320727.29,2021/06/19
625,415,Savings,101600.69,2023/01/12
626,416,Checking,71032.23,2022/02/19
627,417,Loan,108134.32,2022/07/13
628,417,Checking,114279.60,2022/11/23
629,418,Loan,238366.65,2019/08/25
630,419,Savings,406101.75,2023/05/28
631,420,Checking,152262.60,2023/12/05
632,420,Savings,23480.34,2023/12/15
633,421,Savings,208596.50,2023/05/22
634,421,Loan,754606.06,2023/04/06
635,422,Loan,298244.58,2021/11/21
636,422,Loan,590920.46,2022/09/12
637,423,Loan,498838.36,2023/10/24
638,424,Savings,301037.46,2022/10/09
639,424,Loan,741141.61,2018/06/20
640,425,Checking,184889.86,2021/11/30
641,425,Loan,415999.26,2020/10/21
642,426,Loan,897049.78,2022/05/04
643,427,Savings,441076.13,2021/01/20
644,427,Savings,288019.48,2022/09/19
645,428,Checking,152232.10,2022/04/05
646,428,Loan,228466.09,2023/03/08
647,429,Savings,139825.44,2023/04/12
648,430,Loan,927512.55,2023/12/23
649,431,Checking,89269.34,2022/06/01
650,431,Savings,102940.48,2023/11/05
651,432,Loan,422263.37,2023/12/09
652,433,Savings,243585.77,2021/04/29
653,433,Loan,713591.43,2022/10/08
654,434,Checking,190729.36,2023/07/05
655,435,Savings,476953.64,2022/07/10
656,435,Savings,18626.55,2023/01/24
657,436,Loan,390243.93,2023/03/21
658,436,Savings,234294.01,2023/05/04
659,437,Loan,238777.65,2020/09/03
660,438,Savings,499301.11,2023/10/21
661,438,Loan,750100.73,2023/08/27
662,439,Savings,373248.11,2022/03/22
663,440,Checking,113838.36,2022/02/25
664,440,Loan,356298.81,2022/12/03
665,441,Savings,404107.03,2021/10/19
666,441,Checking,18791.80,2023/12/24
667,442,Checking,167664.17,2021/08/29
668,442,Loan,531006.14,2022/10/17
669,443,Savings,136550.43,2023/04/12
670,444,Savings,176557.70,2022/03/19
671,444,Savings,289268.04,2022/12/03
672,445,Checking,143756.23,2023/11/14
673,446,Savings,201270.01,2022/11/16
674,447,Savings,140176.88,2021/08/28
675,447,Savings,268008.97,2023/08/27
676,448,Checking,16743.13,2022/12/17
677,449,Checking,186467.15,2022/10/14
678,449,Savings,77540.75,2022/06/28
679,450,Checking,58708.36,2023/10/11
680,451,Checking,139910.84,2022/12/17
681,452,Loan,271653.82,2022/08/02
682,453,Savings,164776.02,2022/04/20
683,454,Savings,270174.35,2022/01/15
684,455,Checking,30430.49,2023/06/12
685,456,Checking,164449.10,2023/08/17
686,457,Savings,490759.27,2023/09/19
687,457,Savings,100402.47,2022/11/29
688,458,Loan,485477.39,2019/08/02
689,458,Loan,327353.57,2021/04/08
690,459,Savings,454440.27,2021/08/10
691,460,Loan,672245.41,2020/08/01
692,460,Checking,53593.15,2023/10/17
693,461,Loan,307637.33,2022/04/30
694,462,Checking,129656.84,2023/12/07
695,463,Savings,223742.96,2019/02/09
696,464,Loan,710474.01,2022/04/01
697,465,Savings,420471.13,2021/08/26
698,465,Checking,165079.82,2023/11/14
699,466,Loan,692779.58,2019/08/01
700,466,Savings,97865.69,2022/12/22
701,467,Savings,397121.21,2023/09/06
702,468,Loan,193535.32,2022/12/23
703,469,Savings,159465.83,2021/12/05
704,469,Savings,33420.98,2022/04/07
705,470,Savings,338154.42,2022/11/20
706,471,Savings,490671.96,2022/08/15
707,472,Loan,356812.76,2023/10/19
708,472,Checking,11843.03,2023/03/02
709,473,Savings,272065.88,2023/05/31
710,474,Savings,287142.33,2023/12/11
711,474,Savings,142881.09,2023/06/26
712,475,Checking,196468.82,2023/06/06
713,475,Checking,104674.82,2023/02/15
714,476,Loan,464851.50,2023/01/07
715,476,Loan,643068.21,2022/10/19
716,477,Savings,381483.13,2023/07/27
717,478,Loan,821261.03,2020/03/05
718,478,Checking,64900.47,2022/03/28
719,479,Checking,25247.25,2021/10/25
720,480,Savings,163804.25,2020/11/15
721,480,Savings,334180.26,2022/02/17
722,481,Savings,458872.91,2021/06/29
723,482,Loan,287640.85,2023/12/26
724,482,Loan,573652.53,2023/11/14
725,483,Savings,387005.06,2018/11/16
726,484,Savings,81811.80,2023/11/13
727,485,Loan,267857.58,2023/11/02
728,486,Savings,460017.70,2023/11/26
729,486,Checking,79698.30,2022/07/13
730,487,Checking,147945.98,2023/10/01
731,488,Loan,663394.99,2022/08/30
732,489,Savings,207333.69,2020/04/25
733,489,Savings,28871.87,2021/08/19
734,490,Checking,54410.88,2020/01/05
735,490,Savings,169373.09,2020/12/20
736,491,Checking,29999.74,2023/09/17
737,491,Checking,130809.66,2018/08/23
738,492,Checking,185457.92,2023/12/10
739,492,Checking,50305.31,2023/11/14
740,493,Checking,111487.77,2021/11/10
741,494,Savings,287455.69,2023/07/30
742,495,Savings,379424.36,2021/08/15
743,495,Loan,617174.12,2023/01/04
744,496,Checking,57963.75,2020/02/02
745,497,Savings,252474.50,2020/09/13
746,497,Loan,738384.74,2021/09/16
747,498,Savings,87931.97,2022/11/22
748,498,Checking,161299.31,2022/12/23
749,499,Savings,204307.00,2020/12/03
750,499,Savings,410924.59,2022/09/01
751,500,Savings,339811.00,2021/05/29
752,501,Checking,68297.31,2021/11/27
753,501,Checking,138184.78,2019/10/27
754,502,Savings,205238.01,2023/02/13
755,503,Savings,55277.00,2020/09/08
756,504,Checking,178949.96,2023/06/10
757,504,Checking,168679.02,2023/07/16
758,505,Checking,77838.50,2022/05/19
759,506,Savings,480353.38,2020/12/30
760,506,Loan,154058.38,2022/10/16
761,507,Savings,384547.02,2021/07/05
762,507,Loan,167299.69,2021/05/05
763,508,Checking,27463.95,2023/11/02
764,508,Savings,491731.51,2023/08/17
765,509,Savings,230610.05,2021/12/20
766,510,Savings,135498.85,2022/10/07
767,510,Savings,472395.14,2021/10/28
768,511,Savings,206139.61,2023/01/30
769,511,Savings,176134.94,2023/03/09
770,512,Savings,493467.90,2021/02/25
771,513,Checking,124496.09,2019/12/31
772,513,Savings,91718.71,2019/09/20
773,514,Savings,291869.39,2018/10/31
774,514,Checking,92886.61,2019/01/07
775,515,Savings,266589.47,2023/03/30
776,516,Savings,73745.45,2023/02/13
777,517,Checking,158602.44,2023/11/06
778,517,Savings,452181.85,2023/05/17
779,518,Checking,81235.83,2021/04/07
780,519,Checking,183949.00,2020/06/11
781,519,Checking,93835.79,2019/07/12
782,520,Savings,395284.05,2023/12/14
783,521,Loan,293141.08,2021/01/23
784,522,Checking,5779.30,2022/05/12
785,523,Loan,575307.58,2023/08/31
786,524,Savings,334952.33,2023/08/31
787,524,Loan,554905.11,2023/12/01
788,525,Checking,73195.95,2022/04/23
789,526,Savings,124109.09,2022/05/29
790,527,Checking,25200.82,2020/08/14
791,527,Savings,369470.00,2018/08/21
792,528,Loan,526809.18,2023/10/25
793,528,Checking,182701.35,2023/10/18
794,529,Checking,198336.79,2022/10/11
795,530,Savings,129714.09,2022/11/15
796,531,Savings,399844.53,2023/11/19
797,531,Savings,155058.41,2023/05/09
798,532,Checking,8436.53,2021/10/25
799,532,Savings,34826.20,2021/07/17
800,533,Loan,949752.62,2020/09/14
801,534,Savings,282017.04,2023/08/01
802,534,Loan,986528.41,2023/04/12
803,535,Checking,199757.13,2021/02/23
804,535,Checking,173088.58,2023/08/20
805,536,Checking,122036.91,2023/06/10
806,536,Savings,426714.14,2021/08/06
807,537,Checking,25300.04,2023/05/28
808,537,Checking,186235.26,2023/05/10
809,538,Savings,24156.86,2019/11/27
810,539,Savings,66966.29,2023/05/30
811,540,Checking,90870.12,2022/01/26
812,541,Checking,1257.46,2023/12/15
813,541,Checking,75173.41,2021/02/21
814,542,Checking,192550.65,2020/09/14
815,543,Savings,442649.50,2023/03/14
816,543,Checking,193452.93,2023/04/18
817,544,Checking,165629.30,2019/12/17
818,544,Checking,89012.44,2021/08/04
819,545,Checking,197296.80,2023/10/20
820,546,Savings,301691.23,2021/08/30
821,546,Savings,275619.47,2022/08/11
822,547,Savings,385622.47,2023/09/16
823,548,Loan,541171.99,2023/03/04
824,549,Savings,404473.38,2023/12/23
825,550,Savings,378922.25,2022/01/09
826,551,Savings,40562.58,2021/12/16
827,551,Checking,35085.34,2018/03/28
828,552,Savings,334642.45,2023/11/23
829,552,Savings,259312.10,2023/06/17
830,553,Checking,73891.58,2021/09/02
831,554,Savings,67324.29,2019/06/29
832,555,Checking,112815.03,2022/09/10
833,555,Loan,37147.22,2021/09/27
834,556,Savings,459061.13,2021/12/02
835,556,Checking,99089.81,2021/12/20
836,557,Savings,160891.08,2023/02/02
837,558,Checking,103935.90,2022/08/19
838,559,Checking,158932.86,2023/09/22
839,559,Loan,177785.97,2023/09/29
840,560,Checking,194217.79,2023/10/10
841,560,Checking,77115.45,2023/05/31
842,561,Checking,169009.26,2023/02/03
843,562,Checking,80377.50,2023/12/01
844,563,Savings,270799.95,2022/08/21
845,563,Checking,123852.95,2020/09/13
846,564,Checking,99910.40,2023/07/01
847,564,Checking,49481.58,2023/09/10
848,565,Loan,628173.49,2021/04/23
849,565,Loan,155348.41,2023/10/20
850,566,Loan,764632.58,2023/07/14
851,566,Savings,199175.59,2023/02/28
852,567,Savings,112474.18,2020/04/14
853,567,Loan,830953.31,2023/10/16
854,568,Checking,146485.77,2023/05/12
855,569,Savings,297172.47,2023/02/18
856,569,Checking,174645.08,2022/10/26
857,570,Savings,88697.51,2023/12/28
858,571,Savings,29401.00,2023/09/15
859,572,Loan,652480.78,2023/07/26
860,572,Savings,45573.20,2023/11/17
861,573,Savings,386537.88,2023/12/29
862,573,Checking,79657.21,2023/12/30
863,574,Checking,155998.58,2022/05/09
864,575,Checking,141581.66,2023/12/21
865,575,Savings,202010.94,2023/10/12
866,576,Checking,173885.88,2022/11/13
867,577,Savings,478707.91,2023/09/04
868,577,Savings,394218.86,2023/08/10
869,578,Loan,746916.32,2023/12/21
870,578,Savings,266466.83,2023/11/19
871,579,Savings,45114.09,2023/03/29
872,579,Savings,193765.88,2020/07/31
873,580,Checking,144595.30,2023/12/18
874,581,Savings,330845.66,2022/11/06
875,582,Savings,336542.69,2022/08/08
876,582,Loan,881500.68,2023/09/12
877,583,Checking,47893.58,2019/09/21
878,584,Savings,485326.97,2023/09/28
879,585,Savings,166766.38,2023/10/14
880,585,Loan,856836.40,2023/03/17
881,586,Savings,140736.91,2022/10/06
882,586,Checking,42556.37,2022/10/11
883,587,Savings,372003.48,2022/07/24
884,587,Checking,78888.65,2021/08/13
885,588,Savings,153856.21,2022/04/21
886,588,Checking,78919.99,2023/02/15
887,589,Checking,39962.78,2020/05/26
888,589,Savings,96819.58,2019/12/14
889,590,Loan,374389.12,2020/12/21
890,590,Savings,43795.94,2022/04/29
891,591,Savings,276994.51,2023/08/29
892,592,Savings,52591.95,2021/07/24
893,592,Savings,404516.43,2023/05/12
894,593,Checking,59444.00,2022/08/19
895,593,Checking,84911.71,2022/08/22
896,594,Loan,381275.37,2023/02/22
897,594,Checking,152624.18,2019/08/10
898,595,Savings,74440.33,2023/08/30
899,595,Savings,185176.04,2023/07/22
900,596,Savings,131437.63,2023/04/30
901,596,Savings,368190.97,2022/04/02
902,597,Savings,399122.13,2023/12/06
903,598,Loan,77040.28,2023/02/03
904,599,Loan,5329.14,2022/01/13
905,600,Savings,194882.34,2023/05/02
906,600,Savings,387259.42,2022/02/28
907,601,Savings,271427.36,2023/09/18
908,601,Loan,395913.97,2023/11/19
909,602,Savings,361570.00,2023/08/25
910,602,Savings,416755.17,2022/11/25
911,603,Savings,417816.77,2023/12/09
912,603,Checking,152127.94,2023/12/27
913,604,Savings,88127.17,2020/05/26
914,604,Savings,416929.85,2021/11/27
915,605,Loan,187355.67,2023/05/27
916,606,Checking,86950.15,2020/08/01
917,606,Checking,142793.33,2022/11/21
918,607,Checking,34470.46,2022/11/18
919,607,Checking,115967.84,2023/01/02
920,608,Savings,168998.75,2021/10/13
921,608,Savings,439289.77,2020/11/26
922,609,Savings,363712.54,2023/07/14
923,609,Savings,446319.38,2021/02/19
924,610,Checking,93916.12,2022/09/23
925,611,Loan,338230.56,2023/12/03
926,612,Loan,534627.09,2019/05/28
927,612,Savings,151970.28,2022/09/17
928,613,Savings,184525.57,2023/04/20
929,613,Loan,640359.96,2023/03/25
930,614,Savings,425144.57,2021/07/23
931,615,Checking,134616.99,2023/10/19
932,615,Checking,162828.10,2023/08/29
933,616,Loan,347240.66,2019/09/29
934,616,Savings,201688.15,2022/06/27
935,617,Loan,78151.91,2023/12/11
936,617,Checking,195257.32,2023/08/04
937,618,Savings,362281.96,2023/09/29
938,618,Checking,128126.47,2022/03/03
939,619,Savings,306161.73,2023/12/03
940,619,Savings,176520.81,2023/12/27
941,620,Savings,26566.42,2023/09/24
942,620,Savings,468376.72,2023/05/08
943,621,Checking,23809.14,2023/02/18
944,622,Savings,92301.77,2020/01/02
945,623,Checking,38737.03,2022/01/08
946,623,Savings,384886.50,2022/12/10
947,624,Savings,451547.69,2021/09/22
948,625,Savings,422003.25,2023/07/06
949,625,Savings,273453.92,2023/09/18
950,626,Checking,127518.48,2023/09/20
951,626,Savings,358100.03,2023/08/23
952,627,Checking,26774.21,2023/07/01
953,628,Loan,827551.06,2021/07/06
954,629,Checking,31075.86,2021/11/29
955,630,Savings,193472.32,2021/05/09
956,630,Checking,28691.31,2020/05/24
957,631,Savings,72857.83,2019/04/17
958,631,Savings,266841.91,2022/04/30
959,632,Checking,38434.21,2020/12/30
960,632,Loan,257438.56,2021/02/07
961,633,Savings,482869.73,2022/08/24
962,633,Savings,415824.70,2023/05/29
963,634,Checking,137574.39,2021/07/10
964,634,Savings,441569.62,2023/06/04
965,635,Loan,803485.16,2022/11/12
966,636,Checking,21186.11,2023/02/18
967,637,Checking,120733.31,2023/01/16
968,637,Loan,32155.96,2023/11/27
969,638,Savings,96221.88,2023/08/01
970,638,Checking,73125.15,2023/07/13
971,639,Loan,261067.66,2022/11/16
972,640,Savings,101392.15,2022/12/08
973,640,Checking,69565.18,2022/09/06
974,641,Savings,67621.65,2023/11/16
975,641,Savings,144610.61,2023/06/02
976,642,Checking,112599.47,2023/08/01
977,643,Savings,161182.75,2023/07/27
978,644,Checking,90895.30,2023/07/30
979,644,Savings,385169.16,2023/12/25
980,645,Savings,417069.70,2021/06/11
981,645,Savings,35702.97,2023/03/26
982,646,Checking,151130.76,2022/05/26
983,647,Loan,562205.22,2021/08/02
984,647,Loan,7613.40,2020/01/06
985,648,Checking,96014.58,2022/08/31
986,648,Checking,95841.09,2023/12/06
987,649,Loan,920065.28,2021/02/23
988,649,Savings,10654.29,2023/01/21
989,650,Savings,8220.13,2022/01/17
990,651,Loan,611661.37,2022/07/11
991,652,Checking,144074.40,2018/09/11
992,653,Savings,480104.74,2020/11/24
993,653,Loan,602892.48,2021/02/25
994,654,Savings,482566.65,2022/06/18
995,654,Loan,356526.15,2023/04/27
996,655,Loan,846511.43,2023/01/03
997,655,Savings,379726.56,2023/01/18
998,656,Checking,43673.58,2020/07/02
999,656,Loan,747536.00,2020/10/25
1000,657,Loan,605195.48,2023/07/21
1001,658,Savings,182516.74,2022/04/29
1002,658,Checking,46396.31,2022/06/22
1003,659,Savings,253419.56,2022/10/06
1004,659,Checking,138132.83,2023/10/12
1005,660,Savings,152603.64,2023/07/22
1006,660,Savings,82179.59,2023/09/04
1007,661,Savings,467680.41,2022/04/18
1008,661,Savings,146732.43,2023/03/15
1009,662,Savings,360960.83,2021/04/14
1010,662,Checking,169993.82,2021/08/12
1011,663,Checking,129105.45,2019/08/21
1012,664,Loan,541394.27,2023/09/22
1013,664,Savings,44232.79,2023/09/06
1014,665,Savings,363469.81,2022/05/15
1015,666,Checking,146733.93,2023/12/17
1016,667,Savings,296573.75,2023/07/11
1017,668,Savings,130895.33,2023/09/03
1018,668,Savings,174390.60,2023/01/01
1019,669,Savings,447667.67,2022/02/27
1020,670,Savings,26911.36,2021/11/30
1021,671,Checking,166617.07,2023/05/21
1022,671,Savings,211046.78,2022/10/06
1023,672,Checking,6874.67,2023/11/26
1024,673,Loan,700273.67,2023/02/01
1025,673,Savings,468811.53,2023/04/10
1026,674,Savings,246595.56,2021/04/11
1027,675,Savings,369108.61,2023/06/17
1028,676,Checking,33085.63,2023/07/20
1029,676,Loan,506026.18,2023/07/19
1030,677,Checking,30602.90,2020/09/07
1031,678,Checking,86063.21,2023/08/07
1032,678,Checking,139574.13,2020/09/22
1033,679,Savings,169234.11,2023/05/17
1034,679,Savings,254171.33,2023/09/01
1035,680,Savings,174028.51,2021/07/25
1036,681,Checking,151333.90,2023/08/05
1037,681,Checking,138466.26,2023/08/10
1038,682,Checking,184552.05,2023/07/03
1039,683,Checking,60396.02,2023/10/01
1040,684,Savings,405667.67,2023/11/10
1041,684,Loan,998614.97,2023/12/29
1042,685,Savings,319307.86,2023/12/10
1043,685,Savings,480940.78,2023/09/14
1044,686,Checking,107178.52,2023/05/14
1045,687,Savings,55239.75,2020/08/10
1046,688,Savings,311752.15,2022/12/16
1047,689,Loan,636801.81,2020/03/27
1048,689,Checking,148956.60,2022/10/22
1049,690,Checking,184928.93,2023/10/02
1050,690,Loan,725705.80,2023/05/30
1051,691,Checking,120423.51,2021/04/13
1052,692,Savings,211523.35,2020/12/22
1053,692,Checking,62211.77,2022/06/23
1054,693,Savings,415092.29,2023/07/30
1055,693,Savings,408207.08,2022/11/25
1056,694,Savings,274323.76,2022/05/04
1057,695,Savings,250048.06,2022/01/07
1058,695,Checking,88535.65,2020/07/05
1059,696,Checking,127940.51,2022/09/21
1060,697,Checking,135097.97,2021/04/29
1061,698,Savings,418803.36,2022/02/08
1062,699,Loan,537499.62,2019/04/13
1063,700,Savings,112570.85,2023/10/12
1064,701,Checking,17222.35,2020/01/31
1065,702,Loan,241899.64,2023/04/21
1066,703,Savings,81940.29,2021/03/07
1067,703,Savings,488685.89,2023/06/22
1068,704,Savings,454000.15,2020/08/04
1069,705,Checking,127856.11,2023/08/01
1070,706,Checking,684.92,2023/10/09
1071,707,Savings,226949.30,2021/03/24
1072,708,Savings,285326.88,2020/05/09
1073,708,Loan,445176.86,2022/03/16
1074,709,Loan,840826.01,2023/04/28
1075,710,Checking,102752.33,2023/12/23
1076,711,Savings,289183.75,2018/05/23
1077,712,Loan,820404.46,2022/08/06
1078,712,Checking,108796.42,2022/07/14
1079,713,Checking,157371.87,2023/05/19
1080,714,Savings,6020.33,2023/04/19
1081,714,Checking,152660.73,2023/02/10
1082,715,Savings,490146.96,2022/08/15
1083,716,Savings,203141.12,2020/10/06
1084,716,Checking,121926.90,2020/06/25
1085,717,Savings,433673.42,2021/10/03
1086,717,Savings,82088.66,2023/12/12
1087,718,Loan,165006.82,2020/05/26
1088,719,Savings,378749.62,2023/11/16
1089,720,Savings,445627.03,2022/10/29
1090,721,Savings,188082.82,2022/04/09
1091,722,Loan,522923.48,2023/12/05
1092,722,Savings,237717.35,2023/02/04
1093,723,Savings,363230.84,2020/12/14
1094,724,Savings,279446.93,2023/08/22
1095,724,Savings,214710.41,2023/08/05
1096,725,Checking,128839.56,2022/08/03
1097,725,Loan,586048.44,2022/06/09
1098,726,Checking,35126.04,2023/03/04
1099,727,Savings,428934.97,2022/07/17
1100,728,Checking,94417.02,2023/04/22
1101,729,Savings,363009.02,2023/08/11
1102,730,Checking,68238.99,2019/11/16
1103,731,Savings,116171.29,2020/01/09
1104,731,Checking,44294.40,2022/06/26
1105,732,Savings,439677.87,2023/12/29
1106,733,Loan,304345.55,2023/11/08
1107,734,Checking,144295.02,2023/06/08
1108,734,Savings,120928.89,2023/07/09
1109,735,Savings,107328.44,2023/11/21
1110,735,Checking,68847.97,2021/02/17
1111,736,Savings,472796.64,2021/10/27
1112,737,Savings,449907.41,2019/01/14
1113,737,Checking,149611.53,2022/05/16
1114,738,Savings,487827.52,2023/08/07
1115,738,Savings,8979.12,2022/11/16
1116,739,Checking,82887.06,2021/10/29
1117,739,Loan,38733.48,2021/05/28
1118,740,Savings,402611.13,2023/08/23
1119,740,Savings,118921.64,2023/02/20
1120,741,Savings,351476.84,2021/08/07
1121,742,Savings,434600.82,2022/04/27
1122,743,Loan,212167.12,2023/12/29
1123,743,Loan,380536.33,2023/12/05
1124,744,Savings,216232.48,2023/06/20
1125,744,Checking,145613.18,2022/10/06
1126,745,Savings,453520.68,2022/09/18
1127,745,Savings,336135.73,2023/01/31
1128,746,Loan,492298.86,2022/05/14
1129,746,Checking,149537.94,2022/05/18
1130,747,Checking,60387.87,2023/04/16
1131,748,Checking,40267.66,2022/11/27
1132,748,Savings,282688.37,2022/05/22
1133,749,Savings,112434.20,2021/12/24
1134,749,Savings,126826.08,2023/02/14
1135,750,Savings,72097.13,2022/04/04
1136,750,Checking,82635.34,2023/03/08
1137,751,Savings,434730.15,2022/08/20
1138,751,Savings,72695.91,2023/04/07
1139,752,Savings,474009.39,2022/04/29
1140,753,Savings,101352.54,2022/09/23
1141,753,Savings,485748.90,2022/06/29
1142,754,Savings,420521.04,2020/06/13
1143,755,Savings,469413.66,2023/09/16
1144,755,Checking,81482.09,2022/11/12
1145,756,Savings,148293.77,2021/07/04
1146,756,Checking,119440.93,2021/02/02
1147,757,Checking,94984.05,2021/08/05
1148,758,Savings,451302.62,2021/06/04
1149,758,Savings,275879.64,2021/11/03
1150,759,Savings,274706.04,2023/02/13
1151,760,Savings,383917.39,2023/08/26
1152,760,Savings,231939.17,2023/04/05
1153,761,Checking,119952.23,2023/03/07
1154,762,Savings,333878.97,2023/09/29
1155,763,Checking,73349.15,2023/05/07
1156,763,Savings,452110.21,2019/06/23
1157,764,Loan,864531.75,2021/09/28
1158,765,Checking,64457.60,2023/09/15
1159,766,Savings,491169.24,2021/07/31
1160,766,Loan,497912.61,2023/03/20
1161,767,Savings,101724.06,2019/06/02
1162,767,Savings,264923.19,2023/04/05
1163,768,Checking,19643.42,2023/03/14
1164,768,Loan,277159.20,2020/01/18
1165,769,Savings,407907.99,2023/07/25
1166,770,Loan,479596.15,2023/01/19
1167,771,Savings,205014.09,2022/11/29
1168,771,Loan,997710.69,2020/05/30
1169,772,Savings,286408.31,2022/04/28
1170,773,Loan,249767.78,2020/01/07
1171,773,Savings,312277.46,2023/05/05
1172,774,Savings,229606.09,2020/08/16
1173,775,Checking,88482.75,2020/11/07
1174,775,Savings,365050.04,2019/04/05
1175,776,Savings,364199.65,2023/06/06
1176,777,Savings,90526.74,2022/01/02
1177,778,Checking,123074.60,2021/04/18
1178,778,Savings,181225.55,2020/10/18
1179,779,Savings,130826.69,2023/03/19
1180,779,Checking,123412.30,2023/11/21
1181,780,Loan,211375.61,2023/02/24
1182,780,Checking,105389.13,2023/11/18
1183,781,Checking,193081.71,2023/01/25
1184,781,Loan,759104.58,2023/05/28
1185,782,Loan,907977.34,2023/04/24
1186,783,Loan,145171.47,2023/12/28
1187,783,Savings,431938.30,2023/12/21
1188,784,Savings,459484.68,2023/05/10
1189,785,Checking,55080.94,2019/03/25
1190,786,Checking,65851.38,2022/11/16
1191,786,Savings,285710.10,2022/12/29
1192,787,Checking,8187.18,2022/01/11
1193,788,Loan,123358.24,2023/04/23
1194,788,Checking,158358.86,2023/12/20
1195,789,Savings,353961.79,2023/11/20
1196,790,Checking,136321.58,2021/02/14
1197,791,Savings,376385.15,2018/12/04
1198,792,Savings,311908.79,2021/09/11
1199,793,Loan,110987.36,2021/04/07
1200,793,Savings,263382.68,2019/08/11
1201,794,Checking,150283.22,2019/09/12
1202,795,Savings,219077.89,2023/06/03
1203,795,Loan,740963.47,2023/08/08
1204,796,Savings,397222.02,2022/08/16
1205,797,Checking,63109.59,2019/05/28
1206,797,Savings,354296.71,2019/08/13
1207,798,Checking,2134.60,2023/09/22
1208,799,Loan,482181.50,2018/06/20
1209,799,Savings,334163.92,2020/03/27
1210,800,Checking,184584.15,2022/12/12
1211,800,Checking,43607.58,2022/12/09
1212,801,Loan,497948.51,2023/06/09
1213,801,Checking,124496.09,2023/03/15
1214,802,Loan,136633.42,2023/06/28
1215,803,Savings,221980.25,2021/09/03
1216,803,Checking,197558.90,2023/02/04
1217,804,Checking,75979.34,2022/05/29
1218,805,Checking,153685.09,2021/11/19
1219,805,Loan,404864.48,2022/11/18
1220,806,Checking,34404.52,2021/07/28
1221,806,Savings,106947.22,2021/01/10
1222,807,Checking,25681.66,2023/10/14
1223,807,Checking,70144.40,2023/09/16
1224,808,Checking,152978.38,2018/12/05
1225,808,Savings,229375.15,2021/02/10
1226,809,Loan,182970.42,2023/06/10
1227,809,Checking,118595.28,2022/04/18
1228,810,Loan,451817.95,2023/11/27
1229,811,Savings,4096.89,2023/11/25
1230,811,Savings,494121.08,2023/10/14
1231,812,Checking,35426.36,2022/10/08
1232,812,Savings,428904.27,2023/12/24
1233,813,Checking,90947.51,2019/05/31
1234,813,Savings,177352.27,2022/04/11
1235,814,Checking,193531.49,2018/12/15
1236,815,Checking,22706.54,2022/09/11
1237,816,Checking,169618.79,2020/01/24
1238,816,Checking,173841.76,2023/08/28
1239,817,Checking,193064.54,2022/12/28
1240,818,Checking,45844.63,2023/07/22
1241,818,Loan,995665.87,2021/10/03
1242,819,Loan,770658.46,2023/01/18
1243,819,Loan,860054.62,2022/05/22
1244,820,Savings,133718.44,2021/10/01
1245,820,Loan,862461.30,2022/02/18
1246,821,Savings,103258.17,2023/11/20
1247,821,Savings,391691.69,2023/10/21
1248,822,Savings,158082.14,2022/08/15
1249,823,Savings,203068.15,2023/08/12
1250,823,Checking,65193.13,2022/01/11
1251,824,Checking,89428.22,2018/12/01
1252,825,Checking,142644.72,2020/12/14
1253,826,Checking,28124.53,2022/10/05
1254,826,Checking,140333.83,2023/05/19
1255,827,Checking,196729.24,2019/04/16
1256,828,Loan,805429.21,2021/12/10
1257,829,Checking,152713.27,2021/03/21
1258,830,Savings,210766.04,2023/09/07
1259,830,Loan,162753.94,2023/11/20
1260,831,Savings,433997.92,2023/04/14
1261,831,Savings,233018.63,2021/12/30
1262,832,Savings,390008.59,2021/07/12
1263,833,Loan,516910.98,2020/09/12
1264,833,Savings,319738.81,2023/01/19
1265,834,Savings,223819.50,2023/02/20
1266,835,Savings,85481.00,2023/07/04
1267,835,Checking,111887.59,2023/12/08
1268,836,Loan,851966.59,2022/01/03
1269,837,Savings,438302.18,2020/04/14
1270,838,Savings,18421.18,2023/12/25
1271,839,Savings,132733.56,2023/01/23
1272,839,Loan,212276.48,2021/06/07
1273,840,Savings,409842.32,2022/05/08
1274,841,Savings,266815.32,2020/05/11
1275,841,Savings,367492.48,2021/04/06
1276,842,Checking,116376.73,2020/08/14
1277,842,Savings,54374.47,2023/02/10
1278,843,Checking,167206.73,2022/05/30
1279,844,Savings,379501.80,2023/10/07
1280,844,Savings,427509.54,2019/01/30
1281,845,Loan,592158.02,2021/10/02
1282,846,Savings,146130.45,2023/11/29
1283,847,Loan,927088.73,2023/08/05
1284,847,Savings,139883.37,2023/11/28
1285,848,Savings,287230.86,2023/10/08
1286,849,Savings,374649.30,2023/07/18
1287,850,Savings,195616.98,2020/12/22
1288,851,Savings,144535.43,2022/01/19
1289,851,Loan,185349.95,2023/08/02
1290,852,Checking,101426.92,2023/08/19
1291,853,Savings,90684.16,2023/11/05
1292,854,Checking,167067.29,2020/05/29
1293,855,Savings,91988.78,2022/06/04
1294,855,Checking,137218.46,2018/06/15
1295,856,Checking,4836.63,2023/08/23
1296,856,Checking,163253.29,2022/11/17
1297,857,Loan,251990.74,2022/12/07
1298,857,Savings,252916.67,2021/04/26
1299,858,Savings,309231.58,2022/05/27
1300,859,Savings,119904.88,2022/08/01
1301,860,Checking,77092.76,2023/08/25
1302,861,Checking,104666.48,2021/09/24
1303,861,Checking,141805.50,2023/09/19
1304,862,Loan,540735.45,2023/10/25
1305,862,Savings,223446.03,2023/09/12
1306,863,Savings,377108.83,2022/06/25
1307,864,Savings,492106.43,2023/10/19
1308,865,Loan,318676.50,2020/08/21
1309,866,Loan,179780.61,2022/02/20
1310,867,Savings,207150.60,2023/12/24
1311,867,Checking,5814.37,2023/11/04
1312,868,Savings,134625.08,2022/11/24
1313,869,Loan,247900.59,2023/02/23
1314,870,Savings,462326.59,2023/12/12
1315,870,Checking,52548.53,2023/11/28
1316,871,Savings,258498.77,2022/03/31
1317,872,Savings,238543.00,2022/12/20
1318,872,Checking,115639.38,2022/12/14
1319,873,Checking,195151.00,2023/01/13
1320,874,Savings,318729.38,2021/07/26
1321,875,Loan,82267.52,2021/03/05
1322,875,Checking,171529.75,2023/02/25
1323,876,Loan,695559.86,2020/09/12
1324,876,Checking,187116.18,2023/03/15
1325,877,Savings,251755.81,2023/07/22
1326,877,Savings,159214.47,2023/09/28
1327,878,Checking,127867.90,2023/11/05
1328,879,Checking,74016.31,2018/07/29
1329,880,Savings,359975.93,2023/11/09
1330,880,Savings,146582.75,2022/04/08
1331,881,Savings,158703.81,2022/09/11
1332,882,Checking,155389.37,2023/06/29
1333,882,Savings,209872.52,2022/08/06
1334,883,Checking,105475.61,2022/04/14
1335,884,Savings,454376.74,2023/11/03
1336,885,Savings,474869.18,2023/07/12
1337,885,Loan,976811.83,2023/08/04
1338,886,Checking,48360.36,2023/05/27
1339,886,Checking,54319.73,2022/01/07
1340,887,Savings,14021.88,2023/03/15
1341,888,Savings,83054.24,2022/04/08
1342,889,Savings,26072.78,2023/05/20
1343,890,Checking,158824.99,2023/04/15
1344,891,Savings,255825.05,2023/05/08
1345,891,Loan,787328.70,2023/09/05
1346,892,Savings,34433.36,2021/03/31
1347,892,Loan,371857.26,2023/03/19
1348,893,Loan,130582.71,2023/08/24
1349,893,Checking,199785.13,2023/09/13
1350,894,Loan,717698.55,2023/02/06
1351,895,Savings,333635.68,2022/12/24
1352,895,Savings,213002.94,2023/12/28
1353,896,Savings,82971.21,2022/06/14
1354,896,Savings,136553.90,2023/02/05
1355,897,Savings,5861.67,2023/06/25
1356,898,Checking,197769.43,2022/08/10
1357,898,Loan,858104.81,2023/11/30
1358,899,Loan,103160.46,2023/11/23
1359,900,Checking,119962.72,2023/11/01
1360,901,Loan,351033.35,2021/07/14
1361,902,Loan,777218.33,2023/10/23
1362,903,Checking,8866.58,2020/03/13
1363,903,Savings,448988.86,2020/10/07
1364,904,Checking,159598.30,2022/04/23
1365,904,Checking,40128.62,2023/08/26
1366,905,Savings,410739.59,2023/11/11
1367,906,Loan,249972.10,2023/08/17
1368,907,Savings,352537.13,2023/09/14
1369,907,Loan,970990.83,2023/06/11
1370,908,Loan,995646.76,2022/01/27
1371,908,Savings,160049.05,2021/12/26
1372,909,Checking,140447.32,2023/01/14
1373,910,Savings,387937.22,2023/09/19
1374,911,Loan,287784.75,2023/05/20
1375,912,Savings,312048.00,2023/02/21
1376,913,Loan,878156.44,2022/06/24
1377,913,Checking,52745.09,2020/10/23
1378,914,Savings,323880.43,2023/08/28
1379,914,Savings,335140.18,2023/10/06
1380,915,Savings,420731.00,2023/12/28
1381,915,Checking,163129.45,2023/12/21
1382,916,Checking,23593.68,2023/02/11
1383,916,Checking,79016.52,2023/12/01
1384,917,Savings,75487.36,2023/10/15
1385,917,Loan,670525.37,2022/02/07
1386,918,Savings,88322.28,2021/01/27
1387,919,Loan,190846.74,2018/09/14
1388,919,Savings,88745.60,2023/01/31
1389,920,Loan,974295.04,2020/02/17
1390,920,Savings,125346.00,2023/12/02
1391,921,Checking,180942.12,2021/12/30
1392,922,Checking,12160.56,2023/05/29
1393,922,Loan,408245.91,2023/05/26
1394,923,Checking,87200.97,2021/02/17
1395,923,Savings,203671.07,2021/09/09
1396,924,Checking,71560.44,2023/05/27
1397,924,Checking,89140.25,2023/04/24
1398,925,Savings,59741.82,2022/12/18
1399,925,Savings,41788.31,2020/08/07
1400,926,Loan,331264.55,2022/07/29
1401,926,Checking,123484.36,2023/10/03
1402,927,Savings,401952.21,2022/04/26
1403,928,Savings,165802.96,2023/08/12
1404,928,Checking,101370.17,2023/02/22
1405,929,Checking,65402.83,2022/06/10
1406,929,Checking,45589.04,2023/10/04
1407,930,Savings,396421.06,2023/05/10
1408,931,Savings,300938.95,2023/08/12
1409,931,Savings,180012.75,2020/09/23
1410,932,Savings,64855.51,2019/09/27
1411,932,Savings,301062.01,2022/04/08
1412,933,Loan,405444.49,2021/11/01
1413,933,Loan,959166.44,2022/11/17
1414,934,Loan,293766.18,2023/10/12
1415,934,Savings,166318.55,2021/09/27
1416,935,Checking,124225.99,2020/11/26
1417,936,Checking,94216.03,2023/07/22
1418,937,Savings,168715.99,2023/11/09
1419,937,Checking,163533.82,2023/12/13
1420,938,Checking,198442.43,2021/03/13
1421,939,Savings,454957.91,2022/07/14
1422,940,Loan,665912.93,2023/10/08
1423,941,Savings,326351.46,2022/02/07
1424,941,Loan,759780.40,2021/12/30
1425,942,Savings,342894.71,2023/04/17
1426,943,Savings,74291.95,2020/08/18
1427,944,Savings,154287.47,2021/08/29
1428,945,Checking,109851.18,2020/07/19
1429,946,Checking,49546.88,2022/12/21
1430,946,Checking,85786.81,2022/09/01
1431,947,Savings,284468.30,2022/12/02
1432,948,Checking,137022.10,2023/12/18
1433,948,Savings,328621.40,2023/12/21
1434,949,Savings,220675.91,2022/08/13
1435,950,Loan,972920.71,2021/05/02
1436,950,Savings,154186.26,2018/12/10
1437,951,Savings,286697.07,2023/02/06
1438,951,Savings,134062.74,2023/05/04
1439,952,Savings,271474.66,2023/11/05
1440,952,Savings,6879.16,2023/05/06
1441,953,Loan,533531.88,2023/12/15
1442,954,Savings,25110.50,2023/07/08
1443,955,Savings,372568.42,2020/03/25
1444,956,Savings,271583.49,2022/09/19
1445,956,Savings,88843.49,2021/07/03
1446,957,Checking,86742.42,2023/08/23
1447,958,Checking,134797.34,2022/03/29
1448,959,Savings,81571.74,2022/09/14
1449,960,Loan,959052.54,2022/03/22
1450,960,Savings,305457.83,2021/12/17
1451,961,Checking,38102.70,2021/09/27
1452,961,Checking,85741.95,2023/06/06
1453,962,Savings,472230.41,2022/01/05
1454,963,Savings,34188.94,2023/08/08
1455,964,Savings,176480.20,2021/02/18
1456,964,Checking,119254.54,2021/03/15
1457,965,Savings,181457.53,2023/12/05
1458,966,Savings,313798.18,2023/07/17
1459,967,Checking,45320.09,2023/06/13
1460,968,Checking,51947.14,2023/07/17
1461,969,Checking,111113.83,2022/02/19
1462,970,Checking,105320.55,2022/03/20
1463,970,Savings,373666.14,2023/01/09
1464,971,Checking,111308.54,2023/02/06
1465,972,Checking,155902.28,2021/08/13
1466,973,Checking,101959.23,2023/01/22
1467,973,Savings,18138.00,2021/06/06
1468,974,Checking,10515.88,2021/08/29
1469,974,Savings,338952.39,2022/03/12
1470,975,Savings,479484.50,2023/04/14
1471,975,Loan,459059.33,2023/12/23
1472,976,Checking,161132.42,2023/04/19
1473,976,Checking,149522.89,2023/12/22
1474,977,Savings,131567.58,2023/12/19
1475,978,Savings,464196.59,2019/03/27
1476,979,Savings,488354.17,2021/03/28
1477,979,Savings,456611.02,2022/07/09
1478,980,Loan,785502.56,2023/11/25
1479,980,Savings,403467.86,2023/03/23
1480,981,Checking,111616.76,2019/04/22
1481,981,Loan,67858.27,2021/11/16
1482,982,Checking,174029.83,2021/11/21
1483,982,Savings,237500.40,2021/12/01
1484,983,Savings,60451.06,2023/12/28
1485,983,Savings,69743.93,2023/10/23
1486,984,Checking,64688.31,2022/06/28
1487,985,Checking,33704.69,2023/01/27
1488,985,Loan,880095.74,2020/09/26
1489,986,Savings,169034.27,2023/04/07
1490,986,Savings,432490.82,2023/07/07
1491,987,Loan,603465.04,2023/12/12
1492,988,Checking,16463.26,2023/05/17
1493,989,Loan,709333.52,2021/12/28
1494,990,Loan,345118.86,2020/12/23
1495,990,Loan,924069.51,2022/10/27
1496,991,Checking,142587.01,2023/01/19
1497,992,Loan,791006.64,2022/06/20
1498,993,Loan,261860.98,2020/06/18
1499,994,Savings,425713.29,2020/12/08
1500,994,Checking,99937.82,2020/10/15
1501,995,Loan,653576.76,2022/09/21
1502,996,Savings,395363.73,2022/02/07
1503,996,Checking,30588.61,2021/03/17
1504,997,Checking,159904.63,2020/04/08
1505,998,Loan,512486.11,2023/03/08
1506,998,Savings,277203.46,2023/10/30
1507,999,Savings,123346.51,2021/12/31
1508,1000,Checking,42279.48,2023/11/30
1509,1000,Checking,97490.02,2022/10/03
